Date,ADBE,AMZN,AVGO,CAT,COST,JPM,LLY,MA,MSFT,NVDA,UNH,XOM,total_exposure
2023-01-03,0.30869818,0.068436645,0.116691664,0.15692435,0.27460766,0.07646693,0.1768938,0.20962524,0.10573053,0.14437547,0.15219715,-0.16285758,1.9535052
2023-01-04,0.3197257,0.07036759,0.11472596,0.15098435,0.27155626,0.07368806,0.18109365,0.22513369,0.1079483,0.1313631,0.15362602,-0.16202074,1.9622333
2023-01-05,0.31466508,0.06949588,0.115677655,0.15367854,0.2733483,0.07477473,0.17918907,0.2181273,0.106689624,0.13776347,0.15284295,-0.16242278,1.9586754
2023-01-06,0.32156754,0.07064068,0.11411756,0.14952128,0.2710746,0.07299731,0.18174806,0.22841689,0.10776438,0.12912196,0.1537533,-0.16176677,1.9624903
2023-01-09,0.31341562,0.06937508,0.1157136,0.15409225,0.2739942,0.07480526,0.17862022,0.21676125,0.106113106,0.13954996,0.15248388,-0.16248497,1.9574093
2023-01-10,0.31504825,0.06966105,0.11570224,0.15372275,0.27314034,0.07486022,0.17929119,0.21828032,0.10719927,0.13725297,0.1529805,-0.16246034,1.9595995
2023-01-11,0.31760615,0.07011672,0.11558963,0.15310991,0.27164805,0.074949205,0.18030158,0.22069725,0.1089377,0.13350517,0.15376405,-0.16240697,1.9626324
2023-01-12,0.31573448,0.0697953,0.11580321,0.15387443,0.27246046,0.07514918,0.17957099,0.21844791,0.10813509,0.1360107,0.15334746,-0.16249615,1.9608254
2023-01-13,0.31775916,0.070122175,0.11535971,0.15261939,0.2719166,0.074554086,0.18034057,0.22153339,0.10833996,0.13360302,0.15357074,-0.16231789,1.9620366
2023-01-17,0.3167935,0.069951944,0.11604364,0.15418768,0.27124655,0.0757567,0.18004659,0.21857291,0.10974978,0.13388036,0.15403584,-0.16256729,1.9628328
2023-01-18,0.31756154,0.07009509,0.11589646,0.15375245,0.27103996,0.075560346,0.18033426,0.21967451,0.109896004,0.1329713,0.15412852,-0.16250326,1.9634137
2023-01-19,0.31728327,0.07003224,0.11534302,0.15259987,0.27235726,0.07441735,0.18015541,0.2212887,0.10780877,0.13443361,0.15335074,-0.16230828,1.9613783
2023-01-20,0.32011706,0.07053723,0.11478837,0.15112202,0.27123943,0.07386703,0.18119968,0.2251486,0.10862748,0.13073637,0.15382248,-0.16208008,1.9632857
2023-01-23,0.318613,0.07029688,0.11510666,0.1519846,0.27180114,0.07420699,0.18063785,0.22298639,0.10830217,0.1326908,0.15358895,-0.16221963,1.9624349
2023-01-24,0.31462073,0.06955717,0.11578736,0.15389138,0.27333716,0.07492541,0.17915644,0.21777676,0.10700164,0.13780119,0.1529005,-0.16247769,1.9592334
2023-01-25,0.31591117,0.06975244,0.115759596,0.1535692,0.27262175,0.0749598,0.1796969,0.21902157,0.10781482,0.13593341,0.15329543,-0.16244298,1.960779
2023-01-26,0.31474867,0.06953303,0.11569789,0.15360855,0.27347758,0.07472397,0.17922899,0.21828555,0.10667826,0.1377782,0.15282151,-0.16242158,1.9590038
2023-01-27,0.320158,0.07038719,0.115624756,0.15271889,0.26953787,0.07546468,0.1814306,0.22272056,0.11107232,0.12905416,0.15485519,-0.16231333,1.9653374
2023-01-30,0.31788558,0.07002806,0.11602642,0.1537357,0.2707474,0.07572336,0.18058808,0.21987781,0.11013824,0.13231596,0.15433395,-0.16245116,1.9638518
2023-01-31,0.31026885,0.06870403,0.1170802,0.15728438,0.27321663,0.07718583,0.17762034,0.20998088,0.1078573,0.14161575,0.15307122,-0.16292979,1.9568152
2023-02-01,0.30683708,0.06804315,0.11771755,0.15958473,0.2728377,0.07878226,0.17626695,0.2043193,0.10825233,0.14435142,0.1531412,-0.16316672,1.9533005
2023-02-02,0.3035193,0.06742712,0.11765228,0.16010663,0.2745691,0.07860753,0.17490347,0.2015131,0.10581811,0.14893526,0.15211022,-0.16313964,1.9483018
2023-02-03,0.30944368,0.06846735,0.11610319,0.1553446,0.27554226,0.075229295,0.1771934,0.21250488,0.10400298,0.1444631,0.15167281,-0.16259128,1.9525588
2023-02-06,0.32738703,0.07198897,0.1119096,0.14503634,0.26969814,0.071495034,0.18343118,0.23923859,0.10702442,0.12209672,0.15413257,-0.160647,1.9640857
2023-02-07,0.3256408,0.07171499,0.112559214,0.14633992,0.27062184,0.071842276,0.18288462,0.23629194,0.10687743,0.12474741,0.1538387,-0.16097595,1.964335
2023-02-08,0.32667565,0.07183412,0.11223933,0.14567086,0.26991317,0.07167897,0.18324478,0.23778693,0.10717499,0.12304249,0.15407768,-0.16079728,1.9641362
2023-02-09,0.32670173,0.07187049,0.11227299,0.14575434,0.26986384,0.07171133,0.18324032,0.23764797,0.10737214,0.12299648,0.154109,-0.16083704,1.9643776
2023-02-10,0.32761365,0.07199947,0.11193694,0.14510116,0.2692818,0.07155705,0.18353245,0.23911539,0.10752938,0.12152307,0.15429735,-0.1606859,1.9641736
2023-02-13,0.31027,0.37791222,0.14063449,-0.03171677,0.34490985,0.006609291,0.50333214,-0.11055902,0.3796371,0.52636576,0.032335795,-0.5751351,3.3394175
2023-02-14,0.27528998,0.063402124,0.084295414,0.09399803,0.21143538,0.069507785,0.14391741,0.1679374,0.06965726,0.12961267,0.17076163,-0.15235746,1.6321725
2023-02-15,0.32735366,0.06290063,0.11427297,0.13630264,0.25872386,0.065531835,0.17741886,0.24225307,0.10727263,0.12017812,0.17008005,-0.15052533,1.9328136
2023-02-16,0.33112228,0.06555822,0.11485818,0.1379524,0.26104385,0.06631249,0.18024965,0.24399409,0.110081196,0.11775701,0.16783915,-0.1525872,1.9493557
2023-02-17,0.33335292,0.06846686,0.11475162,0.13983166,0.26417992,0.06736973,0.18256609,0.24502948,0.11143825,0.1168932,0.1642509,-0.1550384,1.9631689
2023-02-21,0.33090293,0.07156189,0.11254066,0.1426672,0.26855427,0.06966401,0.18364878,0.24359284,0.10836884,0.11964152,0.15710908,-0.15885472,1.9671068
2023-02-22,0.32768947,0.07196698,0.11220829,0.14577097,0.2682519,0.07183826,0.18358181,0.23760656,0.10924785,0.12062174,0.15470561,-0.16097943,1.9644687
2023-02-23,0.26739898,0.059723593,0.11934689,0.16879553,0.27503312,0.08500657,0.15662183,0.15906715,0.09992954,0.17882867,0.15012011,-0.16292879,1.8828009
2023-02-24,0.2734766,0.06225284,0.11670776,0.16906577,0.27771965,0.0837739,0.16107367,0.16759892,0.09577368,0.17821197,0.14749661,-0.1625762,1.8957275
2023-02-27,0.3000879,0.06752975,0.11673951,0.16063213,0.27607083,0.078091696,0.17274143,0.1984874,0.1039859,0.15386096,0.15068872,-0.16319762,1.9421139
2023-02-28,0.29227662,0.06610845,0.116153374,0.16210812,0.2782066,0.07838929,0.16923009,0.1911756,0.09954441,0.16276586,0.14879662,-0.16290815,1.9276632
2023-03-01,0.29160494,0.06583588,0.116480306,0.16241354,0.27844685,0.078684896,0.16912423,0.19029242,0.09936401,0.1634102,0.14884007,-0.16292724,1.9274247
2023-03-02,0.29637837,0.06692998,0.116602734,0.16162902,0.27697736,0.07844351,0.17104192,0.1945761,0.102367066,0.15801238,0.14990917,-0.16317338,1.9360411
2023-03-03,0.27905428,0.06339396,0.11681728,0.16719493,0.27830383,0.08219886,0.16362442,0.17442977,0.09690494,0.1740266,0.14785294,-0.1627546,1.9065564
2023-03-06,0.25008926,0.057506908,0.11597179,0.17304388,0.2772082,0.08753707,0.14896028,0.14246239,0.09013389,0.19660237,0.145673,-0.16132867,1.8465177
2023-03-07,0.2773139,0.063003674,0.117657736,0.16941983,0.27571246,0.08463048,0.16271038,0.1694559,0.10004559,0.17290138,0.14922413,-0.16321133,1.9052868
2023-03-08,0.06934284,0.01625396,0.09880234,0.15241446,0.2600147,0.103677936,0.03155961,0.0030834973,0.04720837,0.29984823,0.15626262,-0.16518065,1.4036493
2023-03-09,0.19508405,0.04492475,0.11398025,0.17304575,0.27801085,0.09126356,0.11835048,0.09579188,0.07570541,0.2361579,0.14299977,-0.16189376,1.7272085
2023-03-10,0.26969072,0.06134889,0.117211446,0.17079157,0.27696893,0.08552028,0.15947933,0.16222613,0.09598385,0.18044084,0.1478262,-0.16265741,1.8901457
2023-03-13,0.2765393,0.062711656,0.11717643,0.16836049,0.27779204,0.08333716,0.16264364,0.17086364,0.09686109,0.17554007,0.14805305,-0.16276562,1.9026443
2023-03-14,0.28311473,0.064080805,0.11735596,0.16661073,0.27748865,0.08203918,0.16554734,0.17808981,0.099200636,0.16970621,0.1488646,-0.16304745,1.9151461
2023-03-15,0.26356256,0.05999541,0.11718224,0.17149691,0.2770087,0.08619619,0.1562049,0.1558228,0.094479814,0.18532479,0.14738062,-0.16231813,1.876973
2023-03-16,0.28454223,0.064152084,0.11702488,0.16501942,0.27879775,0.08063996,0.16637829,0.18162826,0.09742808,0.16960931,0.14832273,-0.16279748,1.9163404
2023-03-17,0.28486198,0.06414985,0.11678025,0.164385,0.2792784,0.080067694,0.16654922,0.18285863,0.09658191,0.16976702,0.14804272,-0.16266966,1.9159923
2023-03-20,0.29643285,0.0661864,0.11639635,0.1596734,0.27887362,0.07699892,0.17166361,0.19779408,0.09880429,0.15920405,0.14918897,-0.16273294,1.9339495
2023-03-21,0.28552723,0.064210534,0.116932705,0.1642392,0.27925622,0.0800291,0.16692455,0.1835371,0.09684873,0.16910729,0.14820486,-0.16270265,1.9175204
2023-03-22,0.23601851,0.053985298,0.11594395,0.17387256,0.27846295,0.088716835,0.14213666,0.13015597,0.08502925,0.20789227,0.14444542,-0.1610058,1.8176653
2023-03-23,0.29118833,0.06523146,0.11716235,0.16279837,0.2782954,0.07927759,0.16944095,0.18949248,0.099259235,0.16330372,0.14925027,-0.16291729,1.9276174
2023-03-24,0.2840389,0.06386162,0.1171561,0.1650446,0.27899036,0.08071418,0.16633229,0.1812814,0.09691662,0.17009714,0.14828081,-0.16273253,1.9154466
2023-03-27,0.2843631,0.063923925,0.11737566,0.16539039,0.27845415,0.08110626,0.16648515,0.18093356,0.09777951,0.16931598,0.14862427,-0.16283524,1.9165871
2023-03-28,0.2845406,0.06392269,0.117827505,0.16621561,0.27735406,0.082021914,0.1665913,0.17969812,0.0993939,0.16809298,0.14930129,-0.16302039,1.9179803
2023-03-29,0.28740796,0.06444837,0.11805697,0.16576242,0.27658635,0.08189939,0.16787899,0.1822929,0.10105227,0.16489819,0.14998467,-0.16315618,1.9234247
2023-03-30,0.29114428,0.06513578,0.11776514,0.1640167,0.27681798,0.08056162,0.16951954,0.18751153,0.10120894,0.16193628,0.15009275,-0.16310172,1.9288123
2023-03-31,0.29262543,0.06540893,0.11787234,0.1636776,0.2765749,0.08041861,0.17019364,0.18900667,0.10193156,0.16039336,0.15039024,-0.16314933,1.9316427
2023-04-03,0.2928968,0.06545516,0.117517546,0.1628317,0.27740937,0.07959561,0.17029788,0.1905384,0.10071592,0.16094153,0.14992356,-0.16302308,1.9311465
2023-04-04,0.114672795,0.023172844,0.10616718,0.15773161,0.2681218,0.09732606,0.071421415,0.0405992,0.053267278,0.27561328,0.14633353,-0.15820932,1.5126363
2023-04-05,0.19950345,0.041783888,0.1187105,0.16939043,0.2766612,0.09083102,0.12115784,0.099968165,0.077783085,0.22923675,0.14718923,-0.16177094,1.7339866
2023-04-06,0.19880354,0.034946095,0.12382607,0.1589106,0.27079573,0.088795826,0.118424445,0.105099455,0.0823499,0.21752521,0.1553361,-0.16350554,1.7183186
2023-04-10,0.23109655,0.048447397,0.12144838,0.16832176,0.27615148,0.088078775,0.13806173,0.12679565,0.08870059,0.20510837,0.15002269,-0.16236755,1.8046012
2023-04-11,0.11907013,0.02930364,0.10183583,0.1645067,0.27207446,0.09675901,0.071464844,0.041167505,0.055099163,0.28060013,0.14136751,-0.1606035,1.5338525
2023-04-12,0.27363473,0.061063346,0.11923312,0.16892973,0.27594453,0.08485825,0.1610629,0.16581336,0.09944941,0.17503077,0.14989673,-0.16295648,1.8978733
2023-04-13,0.30377534,0.06756897,0.11779021,0.1606307,0.2737326,0.079145774,0.17492123,0.20084278,0.1070533,0.14798734,0.1525273,-0.16326615,1.9492418
2023-04-14,0.31510398,0.069605395,0.11548777,0.15326446,0.27340296,0.074487776,0.17931937,0.21902442,0.1065253,0.13741982,0.1527876,-0.16236073,1.9587896
2023-04-17,0.31749165,0.07004413,0.11571081,0.1533176,0.271518,0.07513742,0.1803143,0.22031847,0.1090845,0.13348137,0.15385729,-0.16240786,1.9626834
2023-04-18,0.31030113,0.06881931,0.11691791,0.15722594,0.27321547,0.07706715,0.17752226,0.21010435,0.10784441,0.14168666,0.15299563,-0.16294143,1.9566417
2023-04-19,0.3079982,0.06837932,0.11721389,0.1583933,0.27350616,0.07772513,0.17660888,0.20690858,0.10744329,0.14403886,0.15277809,-0.16305971,1.9540536
2023-04-20,0.31531858,0.06967653,0.115813404,0.15381931,0.27288646,0.07502358,0.17945126,0.21830086,0.10758173,0.13675001,0.15315834,-0.1624643,1.9602442
2023-04-21,0.31199533,0.06908184,0.11592801,0.15471035,0.27447733,0.075072214,0.17810757,0.21499193,0.10559911,0.14127254,0.15225469,-0.16255629,1.9560473
2023-04-24,0.31633857,0.06986493,0.115022376,0.15214878,0.27348095,0.073807485,0.17972559,0.22150001,0.10608919,0.13633448,0.15268853,-0.1621851,1.959186
2023-04-25,0.31439084,0.06950554,0.11564572,0.1536983,0.2736154,0.07469941,0.17904386,0.21794027,0.10646237,0.13828263,0.15270272,-0.16242266,1.9584097
2023-04-26,0.32170594,0.07090889,0.1139376,0.14936498,0.27151626,0.0728605,0.18164966,0.22899504,0.10744254,0.1294995,0.15354759,-0.16171002,1.9631386
2023-04-27,0.32405812,0.07137075,0.113292515,0.14796779,0.27048358,0.07242073,0.18242131,0.2324946,0.107963316,0.1262927,0.15393025,-0.161448,1.9641438
2023-04-28,0.32061592,0.07080458,0.11409767,0.14994724,0.2720474,0.072997496,0.18118237,0.22751449,0.10714723,0.13107696,0.15329322,-0.16183148,1.962556
2023-05-01,0.32571957,0.07185205,0.11247878,0.14647686,0.27039385,0.071849406,0.18280977,0.23605928,0.107276164,0.1245964,0.15386042,-0.16101888,1.9643915
2023-05-02,0.323896,0.07153791,0.113136604,0.14781521,0.27117822,0.07226701,0.18224132,0.23294166,0.10724495,0.12714033,0.1536147,-0.1613588,1.9643726
2023-05-03,0.31923354,0.070761204,0.114164844,0.15030684,0.27348012,0.07300155,0.18056427,0.2265749,0.10576722,0.13373505,0.15268709,-0.16179848,1.9620751
2023-05-04,0.31744823,0.070411205,0.11452533,0.15129086,0.2739997,0.073336266,0.17990674,0.22394074,0.105504945,0.13589543,0.15244874,-0.1620085,1.9607168
2023-05-05,0.31711245,0.07042835,0.11449976,0.1513216,0.2744297,0.07331599,0.17973731,0.2238456,0.105045974,0.13661528,0.15226106,-0.16197282,1.9605858
2023-05-08,0.31412053,0.06978573,0.11506574,0.15300688,0.2748395,0.07397496,0.17864272,0.21916461,0.10491977,0.13978483,0.15198205,-0.1622778,1.9575652
2023-05-09,0.31739336,0.07038234,0.11461198,0.1514965,0.2737174,0.07345118,0.17989431,0.22343974,0.10594671,0.13569929,0.15256655,-0.1620859,1.9606851
2023-05-10,0.31584984,0.06998297,0.1149873,0.15243587,0.27377743,0.07385332,0.17937945,0.22083029,0.106069535,0.13716194,0.1525111,-0.16227409,1.9591132
2023-05-11,0.31662962,0.070233665,0.11469743,0.15181552,0.27400583,0.07354508,0.17960423,0.22251041,0.10562018,0.13667999,0.15240893,-0.16211745,1.9598683
2023-05-12,0.31235713,0.069344,0.115397334,0.15389775,0.27507013,0.07436553,0.17803808,0.216566,0.10471367,0.1415704,0.15183315,-0.16243526,1.9555886
2023-05-15,0.31355715,0.06961113,0.11523874,0.15335448,0.27483344,0.07414888,0.1784827,0.21818496,0.10499732,0.14026284,0.1519897,-0.16234922,1.9570104
2023-05-16,0.30683103,0.068264574,0.11608936,0.15647462,0.2761956,0.07560751,0.17590012,0.20919481,0.10339573,0.1476018,0.15112051,-0.16277045,1.949446
2023-05-17,0.29527503,0.06617885,0.11710866,0.1616799,0.2776381,0.078641556,0.17110135,0.19387764,0.10107105,0.15920375,0.14986347,-0.16304314,1.9346824
2023-05-18,0.22187375,0.05224368,0.11401038,0.17542979,0.27982163,0.08954629,0.13439973,0.11828595,0.080847785,0.21975258,0.14201424,-0.16144875,1.7896745
2023-05-19,0.17372566,0.045885988,0.10523404,0.1770461,0.27973378,0.09267199,0.10519523,0.07932937,0.06768372,0.25646317,0.13647127,-0.16076854,1.6802088
2023-05-22,0.24953006,0.057055615,0.11585541,0.17353833,0.27827254,0.08792108,0.14989682,0.14271882,0.08752497,0.1980275,0.14496009,-0.16090605,1.8462073
2023-05-23,0.26786163,0.06078887,0.116844505,0.17025769,0.27836454,0.08487122,0.15890607,0.16189188,0.09321975,0.18322346,0.1468666,-0.16217166,1.8852677
2023-05-24,0.2795872,0.06309106,0.117618054,0.16761205,0.27771914,0.08294936,0.16427396,0.1741402,0.09783829,0.17270023,0.14859124,-0.1628705,1.9089912
2023-05-25,0.15780875,0.04052174,0.105645,0.17344171,0.27736393,0.0939905,0.09513485,0.06698145,0.06501535,0.26411077,0.13893953,-0.16068803,1.6396416
2023-05-26,0.26950926,0.06101824,0.11635588,0.16844994,0.28027555,0.08301475,0.15982307,0.16602378,0.09103374,0.18362024,0.14597994,-0.16177556,1.8868799
2023-05-30,0.30123284,0.067140594,0.11650492,0.15856038,0.27753288,0.07663179,0.17369524,0.20253526,0.101337,0.15377644,0.15022661,-0.16283008,1.942004
2023-05-31,0.30259025,0.06736499,0.11649664,0.15811977,0.27719635,0.07645449,0.17429045,0.20406337,0.101869464,0.15224296,0.15048927,-0.1628229,1.944001
2023-06-01,0.29947132,0.06676532,0.116720304,0.15932597,0.2778003,0.07710461,0.1730199,0.20024183,0.10090925,0.15554075,0.15005206,-0.16285366,1.9398053
2023-06-02,0.29665077,0.06620542,0.11683598,0.16034082,0.2782229,0.07767014,0.17184919,0.19687612,0.09997904,0.15840475,0.14965807,-0.16284166,1.935535
2023-06-05,0.287562,0.064513765,0.11736746,0.16419643,0.27849802,0.08027382,0.16793789,0.18491721,0.09842853,0.16657704,0.14890824,-0.16284826,1.9220287
2023-06-06,0.2905998,0.065026246,0.117190436,0.16271535,0.2787672,0.079190485,0.16930564,0.18924576,0.09853297,0.1641541,0.1490284,-0.16280693,1.9265633
2023-06-07,0.2791434,0.06284449,0.117457315,0.1670709,0.2786344,0.08238325,0.16424622,0.17474273,0.09631699,0.17386848,0.14810076,-0.16261455,1.9074234
2023-06-08,0.313604,0.069435254,0.11539708,0.15319543,0.27504566,0.07415995,0.17868431,0.21852766,0.10460088,0.14026861,0.15202388,-0.16226158,1.9572045
2023-06-09,0.3106885,0.06887202,0.115657136,0.15439181,0.27583885,0.074589044,0.17753343,0.21489973,0.103615046,0.14367816,0.15151305,-0.16241734,1.9536942
2023-06-12,0.31303173,0.06936522,0.115375236,0.15332781,0.2754024,0.07416261,0.17842813,0.21807793,0.10413309,0.14113937,0.15182555,-0.16224998,1.9565191
2023-06-13,0.3127606,0.069381505,0.11532779,0.1533229,0.27576667,0.074121326,0.1782815,0.21806496,0.103715904,0.14173636,0.1516586,-0.1622214,1.9563596
2023-06-14,0.30968195,0.06862083,0.115806416,0.15480267,0.27606437,0.074780025,0.1771852,0.21362089,0.10330196,0.1447604,0.15138891,-0.16247946,1.9524932
2023-06-15,0.2962324,0.066100106,0.11702277,0.1607253,0.2781012,0.07799627,0.17172037,0.19600695,0.1001933,0.15863545,0.14975739,-0.1628743,1.9353659
2023-06-16,0.28867343,0.06466126,0.117385834,0.16375855,0.2784793,0.07999521,0.16847527,0.1863478,0.09860039,0.16556343,0.14904085,-0.16285384,1.9238353
2023-06-20,0.29755014,0.06638342,0.11718768,0.16069767,0.27751163,0.07814258,0.17228445,0.19687827,0.10132558,0.15695047,0.15018962,-0.16295704,1.9380586
2023-06-21,0.29633695,0.06617741,0.11722432,0.16115588,0.27767798,0.07839766,0.17175524,0.19538516,0.1009921,0.15818158,0.15001723,-0.162949,1.9362503
2023-06-22,0.29181132,0.0653166,0.11753245,0.1630887,0.27785873,0.07969289,0.16982165,0.1894148,0.100224204,0.1622839,0.1496577,-0.16296723,1.9296701
2023-06-23,0.31165206,0.069150075,0.11552626,0.1539477,0.275855,0.074396394,0.17787416,0.2163035,0.10371326,0.14283979,0.15156668,-0.16231918,1.9551442
2023-06-26,0.31171185,0.06917216,0.11549726,0.1538955,0.27588132,0.074366555,0.17788814,0.21644215,0.10366397,0.14281484,0.15155086,-0.1623011,1.9551857
2023-06-27,0.29602852,0.06613746,0.117261246,0.16138706,0.27756256,0.07857185,0.1716078,0.19481657,0.101104915,0.15836634,0.15004058,-0.16296554,1.9358505
2023-06-28,0.28719047,0.064461336,0.11750139,0.16462684,0.27818254,0.08066301,0.16777326,0.18398255,0.09883838,0.1666092,0.14905295,-0.16288754,1.9217694
2023-06-29,0.282166,0.06344718,0.11746967,0.16619919,0.2784074,0.081757605,0.16557892,0.17816004,0.097271636,0.17112145,0.14846282,-0.1627196,1.9127616
2023-06-30,0.22233565,0.050926078,0.11585678,0.17411596,0.27927038,0.0896066,0.13464954,0.11839845,0.08173445,0.21807738,0.14366576,-0.16136387,1.7900009
2023-07-03,0.28015673,0.06308004,0.11741614,0.16679206,0.27852368,0.082161486,0.16465925,0.17587373,0.09666586,0.17294846,0.14820741,-0.16265379,1.9091387
2023-07-05,0.16768035,0.049790077,0.096407205,0.18097526,0.28265822,0.092355385,0.10460468,0.07902691,0.05925127,0.26440167,0.1277664,-0.15752321,1.6624405
2023-07-06,0.15586017,0.046763524,0.09605557,0.17953958,0.2810356,0.09335962,0.09529382,0.068213284,0.058645815,0.27148208,0.12929116,-0.15853208,1.6340723
2023-07-07,0.22001165,0.05397106,0.11113112,0.17788741,0.28221023,0.08936289,0.13451004,0.11829464,0.07761426,0.22401239,0.13845836,-0.16121376,1.7886778
2023-07-10,0.28042758,0.06308373,0.11716385,0.16612372,0.27917913,0.08151279,0.16481642,0.1771403,0.09567566,0.1733235,0.14784862,-0.1625115,1.9088068
2023-07-11,0.2926567,0.065421805,0.11689985,0.16166776,0.27876154,0.07842296,0.17015378,0.19222122,0.09858396,0.16240546,0.14907512,-0.16273344,1.9290037
2023-07-12,0.14334138,0.041384343,0.09845105,0.17552456,0.276921,0.09484345,0.08501046,0.056372516,0.059640422,0.276775,0.13454048,-0.16014263,1.6029474
2023-07-13,0.2685678,0.060786236,0.11678311,0.16959882,0.27902296,0.0842468,0.159389,0.16348657,0.09239096,0.18320364,0.14662701,-0.16201702,1.88612
2023-07-14,0.26730084,0.060521685,0.116608664,0.16966924,0.2793546,0.08423991,0.15883124,0.1625157,0.09149673,0.18457389,0.14629059,-0.16185984,1.8832628
2023-07-17,0.252679,0.05793912,0.115494564,0.17314078,0.27934176,0.08707725,0.15185936,0.14694381,0.087049335,0.19660307,0.1444536,-0.16109753,1.8536792
2023-07-18,0.2629417,0.05968211,0.11630471,0.17065766,0.27943605,0.08504984,0.15680836,0.15790069,0.08994931,0.18829128,0.14571516,-0.16156332,1.8743
2023-07-19,0.24172316,0.056397445,0.114529,0.17505026,0.27976167,0.08827595,0.14598438,0.13633244,0.08466743,0.20538843,0.14296892,-0.1611868,1.8322659
2023-07-20,0.25169083,0.057722695,0.11546676,0.17352612,0.27892482,0.08749337,0.15136191,0.14561322,0.08709623,0.19702351,0.14453211,-0.16112085,1.8515724
2023-07-21,0.30160868,0.06708868,0.11635554,0.15797377,0.27781683,0.07620831,0.17391789,0.2036959,0.10071914,0.15362798,0.15010133,-0.16273189,1.9418459
2023-07-24,0.30273443,0.06728591,0.11616695,0.15738001,0.277627,0.07585445,0.17436408,0.20530936,0.10083159,0.152464,0.15019335,-0.16267464,1.9428859
2023-07-25,0.29629582,0.066138126,0.116884515,0.16055265,0.2781765,0.07782,0.17169571,0.19632487,0.10000614,0.15868716,0.14966911,-0.16286798,1.9351184
2023-07-26,0.2971535,0.06626492,0.11673944,0.15999818,0.27824223,0.07743059,0.17206602,0.19774279,0.09986991,0.15797932,0.14966336,-0.16282228,1.9359725
2023-07-27,0.29745013,0.066298656,0.11671664,0.15990487,0.27811095,0.07739079,0.17219602,0.19808012,0.09996784,0.15760662,0.1497268,-0.16282311,1.9362725
2023-07-28,0.2931307,0.06562191,0.11760737,0.16295278,0.2773812,0.07968986,0.17033339,0.1904954,0.10122682,0.16073023,0.15002508,-0.16311106,1.9323058
2023-07-31,0.30219543,0.067233264,0.11634065,0.15797427,0.27738443,0.076277815,0.17411782,0.204059,0.1012664,0.15277357,0.15030722,-0.16277401,1.9427038
2023-08-01,0.2916893,0.06531674,0.11761224,0.16355434,0.27720365,0.0801209,0.16969843,0.18860129,0.10095848,0.16185303,0.14993668,-0.16308808,1.9296333
2023-08-02,0.29844642,0.066630304,0.11754197,0.16135558,0.27633867,0.078869544,0.17262363,0.19640633,0.10327096,0.15514582,0.15089826,-0.1631533,1.9406809
2023-08-03,0.3139123,0.06939128,0.1154751,0.15338084,0.2742284,0.07432443,0.17883204,0.21814881,0.105535194,0.13925174,0.15235962,-0.16237776,1.9572175
2023-08-04,0.316697,0.06991947,0.11527498,0.15254629,0.2728436,0.074229136,0.17990737,0.22103867,0.10713552,0.13543132,0.1530865,-0.16230011,1.96041
2023-08-07,0.3302029,0.071642734,0.11252065,0.14274767,0.26964614,0.06959616,0.18327561,0.24345073,0.10736556,0.12133569,0.15668213,-0.15881488,1.967281
2023-08-08,0.32977766,0.071966805,0.112005755,0.14313218,0.269499,0.070128195,0.18345998,0.24302386,0.10719606,0.12090138,0.15576151,-0.15937313,1.9662255
2023-08-09,0.3315516,0.07124807,0.1131569,0.14217871,0.26861298,0.06903967,0.18338703,0.24414887,0.10884915,0.119990304,0.1583468,-0.15810278,1.9686129
2023-08-10,0.33273497,0.0705966,0.11382003,0.14141266,0.2672827,0.06839405,0.18330622,0.24475999,0.11025714,0.11865495,0.16035005,-0.15712342,1.9686929
2023-08-11,0.3324777,0.06772838,0.114764154,0.13917868,0.2638392,0.06672709,0.18135393,0.24476345,0.110719934,0.11838122,0.16540724,-0.15395895,1.9592999
2023-08-14,0.33204305,0.06648563,0.11472811,0.1383991,0.2614982,0.06647864,0.18070167,0.24439403,0.111037634,0.117177054,0.16719033,-0.15319398,1.9533273
2023-08-15,0.33290383,0.06793742,0.11471544,0.1393185,0.26357496,0.066879585,0.18167843,0.24487339,0.111252904,0.11756915,0.16527812,-0.15422851,1.9602103
2023-08-16,0.33278853,0.06961543,0.1143783,0.14053968,0.26661912,0.06754762,0.18251282,0.24498603,0.11031797,0.11922258,0.16228206,-0.15578641,1.9665966
2023-08-17,0.33196157,0.070895754,0.113572046,0.14171074,0.2684118,0.06852107,0.1831009,0.24449725,0.10920596,0.1201427,0.15939933,-0.15742767,1.9688469
2023-08-18,0.33276212,0.07076959,0.11368117,0.14154994,0.26724607,0.0685412,0.1834115,0.24471089,0.110365435,0.1184162,0.16008142,-0.15734181,1.9688773
2023-08-21,0.33297566,0.07063129,0.1137401,0.14140777,0.26683703,0.06842905,0.18340722,0.24479009,0.11067586,0.11799604,0.16044061,-0.15719894,1.9685296
2023-08-22,0.33200443,0.07124473,0.11317159,0.14209044,0.26799917,0.069018476,0.18350466,0.24427852,0.109522045,0.11910033,0.1586917,-0.15807007,1.9686961
2023-08-23,0.2536059,0.055854265,0.12014878,0.16927606,0.27593014,0.08629859,0.1495883,0.14612001,0.095914125,0.18960762,0.1497429,-0.16274013,1.8548268
2023-08-24,0.2676487,0.060803134,0.11718294,0.17108369,0.27687764,0.08583496,0.15852576,0.16013056,0.095249474,0.18198332,0.14767069,-0.16250964,1.8855004
2023-08-25,0.29086894,0.06541381,0.11829485,0.1659314,0.2745017,0.08247792,0.16909254,0.18416993,0.10479447,0.16007979,0.15124479,-0.16351314,1.9303833
2023-08-28,0.28506953,0.06390331,0.11889891,0.16690022,0.27404672,0.08340794,0.16591443,0.17728662,0.10454363,0.1640793,0.15138811,-0.16352886,1.9189675
2023-08-29,0.27395684,0.061053783,0.11968845,0.16793808,0.2748296,0.08441194,0.16013439,0.1657643,0.10190976,0.17324412,0.1508527,-0.16323663,1.8970206
2023-08-30,0.29486778,0.06619097,0.117836505,0.16383818,0.27507794,0.080762215,0.1708438,0.1901347,0.10448554,0.15726745,0.15112817,-0.16337278,1.935806
2023-08-31,0.27871668,0.061685488,0.120311886,0.16654551,0.2740794,0.08373363,0.16225205,0.17070472,0.1043151,0.16812637,0.15198834,-0.16346584,1.905925
2023-09-01,0.2959363,0.0662771,0.1184417,0.16487697,0.27282986,0.08223048,0.17135596,0.18910572,0.10748368,0.15405838,0.15244104,-0.16360697,1.938644
2023-09-05,0.262177,0.055190068,0.12295884,0.16389048,0.27291143,0.08422727,0.15247554,0.15628822,0.102442265,0.1767343,0.15411094,-0.16388842,1.8672948
2023-09-06,0.27429914,0.057902016,0.123046026,0.16201428,0.27155975,0.08288956,0.15835172,0.16829212,0.106961265,0.16557014,0.15538925,-0.16391589,1.8901911
2023-09-07,0.3130135,0.06929678,0.11726935,0.15805885,0.26953572,0.07873224,0.17856531,0.21029544,0.11233616,0.13574785,0.1548401,-0.16307501,1.9607662
2023-09-08,0.31215644,0.06920518,0.11648153,0.15610623,0.2729897,0.076356925,0.17817885,0.21292903,0.107941404,0.13985415,0.15305778,-0.16279104,1.9580483
2023-09-11,0.31542438,0.06978968,0.11654192,0.15579414,0.27058908,0.07692569,0.17948441,0.21527103,0.110941164,0.13460614,0.15434766,-0.16276635,1.9624815
2023-09-12,0.31723282,0.07006988,0.11518903,0.15242481,0.2725261,0.07421881,0.18007779,0.22152986,0.107511446,0.13468078,0.15320536,-0.16227178,1.9609383
2023-09-13,0.31951523,0.07043497,0.115940705,0.15402882,0.26856083,0.076483846,0.18104704,0.22031216,0.112650186,0.12886636,0.1552964,-0.16255046,1.9656869
2023-09-14,0.32055843,0.07064937,0.1154768,0.15296686,0.26876712,0.0757187,0.18138762,0.22255073,0.11205553,0.12812646,0.15510471,-0.16237694,1.9657395
2023-09-15,0.32074004,0.070515275,0.11595528,0.15467276,0.26540655,0.077918604,0.18143623,0.21987116,0.115626805,0.12461385,0.15666933,-0.16264635,1.9660723
2023-09-18,0.33105078,0.07204711,0.1110602,0.1436768,0.26451766,0.07174815,0.18483488,0.24209598,0.11092832,0.11355016,0.15599185,-0.16056356,1.9620656
2023-09-19,0.3252333,0.07144354,0.11344768,0.14832382,0.26846462,0.07301463,0.18291514,0.23218718,0.11032772,0.1233225,0.15483515,-0.16159196,1.9651072
2023-09-20,0.32699114,0.07168602,0.11293356,0.14718427,0.26745012,0.07270661,0.18351345,0.23480193,0.110797204,0.120597355,0.1552056,-0.16133487,1.965202
2023-09-21,0.32539317,0.07154315,0.112972856,0.14734028,0.26935676,0.072285116,0.18287507,0.23396099,0.10883951,0.12396205,0.15433913,-0.16134672,1.9642148
2023-09-22,0.33241707,0.07166703,0.11229022,0.14265075,0.2657745,0.070191294,0.18449134,0.24375585,0.11104718,0.11523812,0.15782493,-0.15924674,1.9665949
2023-09-25,0.32706487,0.0720215,0.11221574,0.14602406,0.268949,0.07180906,0.1832685,0.23710452,0.108617336,0.12199251,0.15438305,-0.16097015,1.9644203
2023-09-26,0.33057946,0.07230265,0.1110429,0.14346853,0.26637614,0.07114303,0.18434142,0.24257988,0.10947549,0.11613259,0.1554516,-0.1603263,1.9632199
2023-09-27,0.33029175,0.07234699,0.1111183,0.14351556,0.2670755,0.07107933,0.18419668,0.24256344,0.1089224,0.11710891,0.1552464,-0.16026749,1.9637327
2023-09-28,0.32851171,0.071958475,0.11194302,0.14543892,0.2669013,0.071857795,0.1838769,0.2382245,0.11017203,0.118561834,0.15515383,-0.16097699,1.9635774
2023-09-29,0.32599485,0.07172467,0.11269377,0.14705525,0.2688012,0.07217774,0.18297406,0.23463312,0.10927716,0.12294724,0.15446872,-0.1613057,1.9640534
2023-10-02,0.328027,0.071929306,0.11209752,0.14572588,0.26739353,0.07189356,0.18369906,0.23761117,0.10991026,0.119522646,0.1549888,-0.16103,1.9638288
2023-10-03,0.3283271,0.07206811,0.11194973,0.14541905,0.26757526,0.071781665,0.18376262,0.23840205,0.109632164,0.119393446,0.1549142,-0.1609262,1.9641517
2023-10-04,0.32754934,0.07195935,0.11223462,0.1458708,0.2682965,0.071870886,0.18352424,0.23740102,0.10921637,0.120828554,0.15469176,-0.16100615,1.9644494
2023-10-05,0.32308853,0.07128567,0.11348857,0.14869401,0.2707013,0.07261593,0.182002,0.23075359,0.10811726,0.12752804,0.1537883,-0.16163854,1.9637016
2023-10-06,0.32313982,0.07129864,0.113487154,0.14865565,0.27073187,0.07260482,0.18202232,0.23086068,0.10809752,0.12749964,0.1537891,-0.16163236,1.9638195
2023-10-09,0.3208531,0.07093377,0.11402756,0.14987728,0.2719911,0.07296912,0.18121119,0.22778161,0.10730731,0.13084501,0.15331244,-0.16183433,1.9629439
2023-10-10,0.31694508,0.070085205,0.11498536,0.15221614,0.2729006,0.07392827,0.17986865,0.22168233,0.10697462,0.13532363,0.15294036,-0.16226989,1.9601202
2023-10-11,0.31886744,0.07042726,0.114641085,0.15122432,0.2721936,0.073555954,0.1805953,0.22428863,0.10751497,0.13286257,0.15325417,-0.16211127,1.9615365
2023-10-12,0.31519148,0.069757126,0.1152118,0.1528688,0.27375132,0.07409293,0.17921226,0.21967286,0.1061472,0.13770078,0.1525445,-0.16234986,1.9585009
2023-10-13,0.3049454,0.068004645,0.11710006,0.15906323,0.27498433,0.07765984,0.1752092,0.20403473,0.105660066,0.14822505,0.15184286,-0.16313356,1.949863
2023-10-16,0.31085938,0.06903654,0.116438344,0.15625052,0.2739005,0.07617341,0.17760284,0.21194635,0.10692437,0.14187491,0.15257275,-0.16283715,1.9564172
2023-10-17,0.31225425,0.06926567,0.11618675,0.1554029,0.2737228,0.07569515,0.17815346,0.21408099,0.10699224,0.14042147,0.1526782,-0.1627272,1.9575813
2023-10-18,0.3141071,0.069591895,0.11601807,0.15465134,0.27310756,0.07542864,0.17889531,0.21631315,0.107701614,0.13814306,0.1530329,-0.16261949,1.9596101
2023-10-19,0.31893224,0.07041194,0.11516255,0.15215027,0.271424,0.074405015,0.18072729,0.22292079,0.10893299,0.1320893,0.1537959,-0.16227743,1.9632297
2023-10-20,0.31412017,0.06959485,0.116511345,0.15578473,0.2718804,0.076530635,0.17895253,0.21455362,0.10952816,0.13700159,0.15371971,-0.16279304,1.9609709
2023-10-23,0.3158421,0.06986521,0.11575718,0.1538257,0.272457,0.07510835,0.17957479,0.21858566,0.10820116,0.13593814,0.15334232,-0.16250522,1.9610028
2023-10-24,0.3138364,0.06950614,0.1158158,0.154287,0.27356577,0.075046524,0.17877035,0.21671227,0.10685557,0.1388054,0.1527378,-0.16254553,1.9584845
2023-10-25,0.30977932,0.06881,0.11642328,0.15643255,0.27442294,0.07612815,0.17717217,0.21102902,0.10612892,0.14332594,0.15225402,-0.16284493,1.9547513
2023-10-26,0.32205895,0.07109127,0.11381526,0.14920253,0.2714886,0.07278758,0.1816978,0.22950047,0.107569575,0.12918623,0.1535483,-0.16169426,1.9636409
2023-10-27,0.3207361,0.07080541,0.1141393,0.15003344,0.2717422,0.073073015,0.18123703,0.2273208,0.10754928,0.1306974,0.15342286,-0.16186535,1.9626222
2023-10-30,0.32488704,0.07186868,0.1125678,0.14680752,0.27128094,0.0718734,0.18242714,0.2353405,0.10659672,0.12626594,0.15350413,-0.16108042,1.9645002
2023-10-31,0.3237449,0.07171891,0.112840995,0.1474491,0.27199543,0.07203199,0.18201955,0.23381671,0.10616188,0.12805724,0.15322608,-0.1612141,1.9642768
2023-11-01,0.3249555,0.07191321,0.112455994,0.14664342,0.271375,0.071798675,0.18241379,0.23570675,0.10636344,0.1262825,0.15344012,-0.16102412,1.9643724
2023-11-02,0.32248658,0.07156527,0.11298166,0.14790642,0.27295673,0.072099194,0.18152718,0.23261826,0.105225,0.13015422,0.1528062,-0.16124818,1.9635749
2023-11-03,0.3236255,0.07174157,0.112658605,0.14719181,0.27237466,0.071889445,0.18191503,0.23433489,0.10546529,0.12849657,0.15302223,-0.16110583,1.9638214
2023-11-06,0.32155123,0.0713574,0.113291755,0.14853096,0.27327028,0.07231004,0.1812412,0.23106425,0.10517933,0.131342,0.15270792,-0.16138099,1.9632274
2023-11-07,0.32083455,0.07123613,0.11352767,0.14898404,0.2736433,0.07246724,0.18100826,0.2299636,0.10506833,0.13236022,0.1525954,-0.16146609,1.9631548
2023-11-08,0.31856984,0.0707476,0.11409955,0.15029475,0.27435803,0.072920084,0.1802531,0.22652614,0.10472574,0.13515386,0.15230702,-0.1617191,1.9616749
2023-11-09,0.31830087,0.07066412,0.114203036,0.15048921,0.2743752,0.07300608,0.18018514,0.22602142,0.104770705,0.1354141,0.15231007,-0.16175681,1.9614966
2023-11-10,0.31986433,0.071016766,0.113777116,0.14948308,0.27407265,0.07264226,0.18070437,0.22863907,0.10474669,0.13364828,0.15243803,-0.1615397,1.9625723
2023-11-13,0.30730605,0.068231195,0.11593799,0.1558053,0.27651948,0.07517768,0.17617837,0.21055761,0.10270225,0.1473813,0.15099694,-0.16261476,1.9494088
2023-11-14,0.30806103,0.06834158,0.11594908,0.155575,0.27625275,0.07511036,0.17651334,0.21132551,0.10310109,0.14643237,0.15118024,-0.16259883,1.9504414
2023-11-15,0.2956491,0.06606888,0.11702013,0.16107517,0.27802035,0.07821402,0.17141427,0.19507825,0.10026639,0.15913121,0.14971092,-0.16288555,1.9345342
2023-11-16,0.29496646,0.06595619,0.1172241,0.16163427,0.27785525,0.07865565,0.17112978,0.1937578,0.10059758,0.15956627,0.14981407,-0.16296169,1.9341192
2023-11-17,0.3000103,0.066941425,0.117064744,0.15995967,0.27696234,0.077751495,0.17324954,0.1995748,0.102398135,0.15434012,0.15057293,-0.16297622,1.9418018
2023-11-20,0.29539347,0.066086814,0.11745109,0.16206598,0.2772013,0.07911383,0.1712979,0.19333199,0.10170221,0.15861939,0.15020537,-0.16305274,1.9355221
2023-11-21,0.2957682,0.066147394,0.11732288,0.16167277,0.27743214,0.078783736,0.17145747,0.1941987,0.101379424,0.15849723,0.15009388,-0.16301489,1.9357687
2023-11-22,0.2987154,0.06669709,0.117201164,0.16057873,0.27703428,0.07815348,0.1727128,0.1977835,0.10222772,0.1555424,0.15047932,-0.16300875,1.9401345
2023-11-24,0.29853648,0.066662565,0.11724098,0.16071418,0.27698672,0.07825737,0.17264085,0.19745986,0.10228451,0.15565576,0.1504973,-0.16302294,1.9399595
2023-11-27,0.29739177,0.06642632,0.11721456,0.16093001,0.27737564,0.07830837,0.17216952,0.19639856,0.10159138,0.15700395,0.15022352,-0.16297963,1.9380132
2023-11-28,0.2985324,0.066629216,0.117125615,0.16043118,0.27726033,0.07800002,0.17265089,0.19790435,0.10180567,0.1558948,0.1503402,-0.16296753,1.9395422
2023-11-29,0.29810548,0.066550635,0.11715014,0.1606197,0.27728224,0.078115866,0.17246778,0.1973379,0.10172503,0.15629505,0.15029831,-0.1629715,1.9389197
2023-11-30,0.2988656,0.06670034,0.117114335,0.16035068,0.2771512,0.07796587,0.17278348,0.19823673,0.10197624,0.15551439,0.15040615,-0.16296563,1.9400306
2023-12-01,0.2966082,0.06630263,0.117286965,0.16133767,0.2773646,0.0785779,0.17181955,0.19525728,0.10157615,0.15769424,0.15018529,-0.16300836,1.9370188
2023-12-04,0.29724765,0.066389814,0.117041275,0.16066307,0.27766004,0.078031935,0.17208843,0.19672522,0.10102841,0.15740371,0.15001522,-0.16291149,1.9372064
2023-12-05,0.29388243,0.06578542,0.11738767,0.16231915,0.2777036,0.07916061,0.17065263,0.1919575,0.100787945,0.1603871,0.14983818,-0.16297844,1.9328408
2023-12-06,0.2966141,0.066308685,0.11718139,0.16116104,0.27752042,0.078400776,0.17180462,0.19553635,0.101295516,0.15784484,0.15007198,-0.16296825,1.936708
2023-12-07,0.29844755,0.066645965,0.116973445,0.16021091,0.27753022,0.077756286,0.17257436,0.19818914,0.10139641,0.1562382,0.15015274,-0.16291273,1.9390281
2023-12-08,0.29944247,0.06681947,0.11674489,0.15947816,0.27769172,0.0772184,0.17297854,0.1999641,0.10112893,0.15550306,0.15008566,-0.16284086,1.9398962
2023-12-11,0.2919832,0.065448515,0.117284045,0.16273049,0.27817214,0.07930304,0.16979736,0.19008228,0.09983915,0.16248423,0.14942177,-0.16291721,1.9294636
2023-12-12,0.2853692,0.06419745,0.117411,0.16516319,0.2783936,0.08096754,0.16690351,0.18192124,0.09826285,0.16841157,0.14874798,-0.16283661,1.9185858
2023-12-13,0.2849264,0.06410962,0.11745709,0.16542402,0.27825755,0.08118658,0.16670528,0.1812118,0.09834025,0.16866615,0.14877944,-0.16285205,1.9179162
2023-12-14,0.288823,0.0648102,0.11725584,0.16372728,0.2784138,0.079919085,0.16842844,0.18647023,0.09874707,0.1654583,0.1489971,-0.16285391,1.9239043
2023-12-15,0.28712308,0.06454554,0.11745104,0.1647252,0.27809915,0.0807107,0.16765231,0.18376602,0.09903072,0.16664486,0.14905481,-0.16292956,1.9217329
2023-12-18,0.29298696,0.06573567,0.11747147,0.1629767,0.27743682,0.0796372,0.17016274,0.19032608,0.101206794,0.1609794,0.1498953,-0.1630752,1.9318904
2023-12-19,0.30064327,0.06716472,0.117054194,0.15994155,0.276667,0.077775925,0.17343372,0.19998354,0.10301791,0.15356803,0.15073904,-0.16302158,1.9430106
2023-12-20,0.30099684,0.067232296,0.117100894,0.15996012,0.2764333,0.077850856,0.17358287,0.20017391,0.10337746,0.15304404,0.15088542,-0.16304953,1.9436877
2023-12-21,0.30362794,0.067709595,0.11687033,0.15878996,0.2760815,0.07717885,0.17467742,0.20364396,0.103931874,0.15037851,0.15117916,-0.16299844,1.9470675
2023-12-22,0.2959626,0.06631692,0.11742659,0.16211686,0.27683753,0.079178266,0.17142916,0.19360074,0.102390885,0.15786332,0.15038283,-0.16313015,1.936636
2023-12-26,0.2958374,0.0662803,0.11742593,0.16209257,0.27695727,0.07914227,0.17138787,0.1935632,0.10223625,0.15806597,0.15033035,-0.1631257,1.9364452
2023-12-27,0.29468548,0.06606544,0.11749494,0.16259296,0.27697635,0.07947756,0.17088714,0.192029,0.10206049,0.1590917,0.15024346,-0.16313359,1.9347382
2023-12-28,0.2983958,0.06673642,0.11715895,0.16080531,0.27695465,0.07826469,0.17248064,0.1972188,0.10238446,0.15581904,0.1504531,-0.16305387,1.9397258
2023-12-29,0.2979347,0.06667792,0.11733581,0.1613003,0.27673006,0.07866804,0.172287,0.1961454,0.10279387,0.15601923,0.15057865,-0.16311355,1.9395846
2024-01-02,0.30124766,0.06728697,0.117109284,0.15990925,0.27636498,0.07783766,0.17368802,0.20041399,0.10352847,0.1527597,0.15094195,-0.16305768,1.9441456
2024-01-03,0.30798703,0.06859645,0.116984844,0.15814713,0.27398878,0.07735695,0.17644082,0.20727316,0.10714232,0.14458749,0.15247485,-0.1630549,1.9540348
2024-01-04,0.3112654,0.0691898,0.11659676,0.15662462,0.2732885,0.07658204,0.17774244,0.21158797,0.10795542,0.14097655,0.15290639,-0.162885,1.957601
2024-01-05,0.31187493,0.06929208,0.116326764,0.15588473,0.27361402,0.07601587,0.1779695,0.21309297,0.10738342,0.14071734,0.15272571,-0.16276927,1.9576665
2024-01-08,0.30544358,0.068158865,0.11706044,0.15899459,0.2747351,0.077659324,0.17537262,0.20441951,0.10604343,0.14759316,0.1519507,-0.16310537,1.9505367
2024-01-09,0.30577022,0.06816371,0.11656065,0.15778801,0.2757274,0.07658106,0.17548403,0.20650841,0.104407944,0.14818875,0.15138158,-0.16292734,1.9494891
2024-01-10,0.30628955,0.068251446,0.116531834,0.1575641,0.27563894,0.076472044,0.1757038,0.20716919,0.10455002,0.1476331,0.1514595,-0.16290966,1.950173
2024-01-11,0.30579925,0.06812017,0.11641322,0.157382,0.27608582,0.07623349,0.17550723,0.20715898,0.103796035,0.14845279,0.15119156,-0.16286588,1.9490064
2024-01-12,0.3056924,0.06807825,0.11637117,0.15730561,0.27619642,0.07615416,0.17546906,0.20721546,0.103569545,0.14864129,0.15112168,-0.16284811,1.9486631
2024-01-16,0.3076063,0.06841601,0.11619015,0.15642989,0.27584064,0.07570504,0.17624794,0.20972514,0.10403817,0.14657769,0.1513809,-0.16276601,1.9509238
2024-01-17,0.30904388,0.068648525,0.11594288,0.15551943,0.2757607,0.07516867,0.17682706,0.21198682,0.10403196,0.14516655,0.15146016,-0.16264865,1.9522053
2024-01-18,0.30864614,0.06857677,0.11602639,0.155795,0.2757567,0.07533911,0.17667143,0.21132874,0.10406689,0.14553192,0.15145683,-0.16269279,1.9518886
2024-01-19,0.3080069,0.06843884,0.11594574,0.15579495,0.27609575,0.07523356,0.17640355,0.21094343,0.103456445,0.1464121,0.15122251,-0.16266698,1.9506209
2024-01-22,0.3053316,0.067951255,0.11621155,0.15699144,0.27665251,0.07583575,0.17533182,0.20749122,0.102739125,0.14933908,0.15085034,-0.16278306,1.9475086
2024-01-23,0.30630434,0.06811502,0.11616893,0.15663093,0.27639568,0.07568566,0.17574006,0.2086374,0.10309596,0.14822182,0.15103202,-0.16275975,1.9487877
2024-01-24,0.2894476,0.065023966,0.11738424,0.16393247,0.27795073,0.08015034,0.1686231,0.18655297,0.09972363,0.1645279,0.14931238,-0.1630106,1.92564
2024-01-25,0.27772075,0.06273344,0.11708385,0.16720635,0.27896518,0.082291424,0.16343254,0.17357743,0.09550527,0.17551243,0.14764556,-0.16253057,1.9042048
2024-01-26,0.216627,0.050529387,0.11440623,0.1748741,0.27946055,0.08984558,0.13133144,0.11375621,0.07991645,0.2228379,0.14240426,-0.16155374,1.777543
2024-01-29,0.068995,0.018737495,0.09451985,0.15713698,0.26171386,0.10197651,0.02832948,0.0031903833,0.045863505,0.30624568,0.15422961,-0.16910091,1.4100393
2024-01-30,0.12855503,0.037456274,0.09619385,0.17224127,0.2758578,0.09564624,0.07432449,0.04630874,0.056933455,0.28225243,0.135001,-0.16216737,1.562938
2024-01-31,0.06393032,0.013402872,0.10055055,0.15225747,0.26187292,0.1055385,0.02550829,-0.0026001781,0.04892721,0.3134973,0.16504888,-0.17381984,1.4269543
2024-02-01,0.24882899,0.055414267,0.1188959,0.17134029,0.27737996,0.08735823,0.14830987,0.14141518,0.09155457,0.19579114,0.14769116,-0.16172017,1.8456995
2024-02-02,0.2510872,0.056758486,0.117307186,0.17243028,0.27762246,0.087449245,0.15004463,0.1436909,0.09017527,0.19542252,0.14640555,-0.16131136,1.8497052
2024-02-05,0.3273977,0.07239965,0.11096947,0.14393489,0.27074745,0.070947975,0.18299146,0.24158883,0.105013035,0.12303794,0.15344703,-0.16026524,1.9627407
2024-02-06,0.32670358,0.07230595,0.111267686,0.14447127,0.27125654,0.07106454,0.1827819,0.24041949,0.10490672,0.12423294,0.15329328,-0.16036952,1.9630733
2024-02-07,0.3262344,0.07224232,0.111247286,0.14455554,0.27161327,0.07104311,0.18258367,0.24012688,0.10440215,0.12501885,0.15310396,-0.1603516,1.9625231
2024-02-08,0.3259875,0.072277136,0.111205176,0.14458907,0.2719269,0.071017064,0.18243752,0.2400462,0.10409993,0.12555449,0.15295354,-0.16033757,1.962432
2024-02-09,0.33034667,0.07156515,0.11274512,0.14256129,0.2699113,0.06930449,0.18308292,0.24365294,0.107372954,0.121833935,0.15706477,-0.15848541,1.967927
2024-02-12,0.32742,0.072318055,0.11110608,0.14369936,0.27122623,0.07061284,0.18277894,0.2419435,0.1046087,0.12381529,0.15365651,-0.15992308,1.9631084
2024-02-13,0.3293531,0.07190704,0.112167865,0.14303471,0.27046686,0.069833785,0.18305792,0.24305812,0.10640915,0.12250215,0.15574415,-0.15907918,1.966614
2024-02-14,0.33062476,0.071550295,0.112834856,0.14251372,0.26968664,0.069295034,0.1831756,0.24376638,0.10772095,0.12142429,0.15729001,-0.15844953,1.9683322
2024-02-15,0.32875592,0.072152555,0.11166564,0.14335825,0.27049124,0.07023068,0.18307035,0.24261265,0.105977245,0.12253294,0.1548749,-0.15952073,1.9652431
2024-02-16,0.33244556,0.07048211,0.11391507,0.14122386,0.26777044,0.068055004,0.18285686,0.2447847,0.109787695,0.119792335,0.16056997,-0.15673715,1.9684207
2024-02-20,0.33315033,0.068998136,0.11453004,0.13999009,0.26512098,0.06720358,0.18215938,0.2450606,0.11113449,0.118197605,0.16374676,-0.15508044,1.9643724
2024-02-21,0.33277112,0.070179895,0.11408323,0.14089145,0.26712438,0.06776178,0.18264565,0.24493939,0.11028455,0.11939204,0.16144344,-0.15627287,1.9677898
2024-02-22,0.27955493,0.29897246,0.16590483,0.061130043,0.3381163,0.03287989,0.39583734,-0.007403977,0.37279072,0.58637404,0.09283626,-0.48575348,3.1175542
2024-02-23,0.33532566,0.07366328,0.10654226,0.14351448,0.24810755,0.073174834,0.18034206,0.24079162,0.12520202,0.09833107,0.16321717,-0.15944627,1.9476584
2024-02-26,0.3299356,0.07312051,0.11093843,0.14548339,0.26522848,0.07185582,0.18350835,0.2387486,0.11263944,0.116255626,0.15535966,-0.16111864,1.9641925
2024-02-27,0.32915872,0.06491138,0.11096233,0.13742888,0.24426028,0.07200767,0.17750089,0.23941092,0.1214279,0.09767865,0.17037293,-0.15711561,1.9222361
2024-02-28,0.33565202,0.071548484,0.11203803,0.14207232,0.25976372,0.07024839,0.18444544,0.24425147,0.116964564,0.108044535,0.16136852,-0.15841785,1.9648153
2024-02-29,0.3035732,0.06824144,0.11769591,0.16159382,0.2688441,0.080662325,0.1727476,0.19693843,0.11392433,0.14347827,0.15453774,-0.16380623,1.9460435
2024-03-01,0.32889518,0.07209048,0.11183609,0.14852908,0.25669956,0.07657513,0.18236256,0.23180988,0.120762564,0.108107254,0.1592065,-0.16174786,1.9586221
2024-03-04,0.07351774,0.009973191,0.09641363,0.1394802,0.274575,0.11412952,0.043187313,-0.0027510375,0.07367563,0.33481076,0.17031774,-0.19979617,1.532628
2024-03-05,0.27189797,0.060517736,0.12011294,0.16712755,0.27403027,0.08421002,0.15796591,0.16348481,0.103647575,0.1734906,0.15160964,-0.16348624,1.8915814
2024-03-06,0.3338428,0.07095828,0.1108149,0.1439284,0.25287762,0.07533856,0.18447344,0.24080181,0.12011355,0.09968108,0.16188818,-0.15999909,1.9547179
2024-03-07,0.3192994,0.0620863,0.11029045,0.13382187,0.24333552,0.07373173,0.17345671,0.23465335,0.11795545,0.09633115,0.16662021,-0.15914644,1.8907286
2024-03-08,0.3305447,0.06914439,0.11069442,0.14135353,0.2506241,0.074987374,0.18179859,0.23935723,0.12033172,0.0981532,0.16268,-0.15991525,1.9395846
2024-03-11,0.33028555,0.07207822,0.112054154,0.14573465,0.2641576,0.073013,0.1846332,0.23865679,0.11290128,0.11415084,0.15646654,-0.16100746,1.9651394
2024-03-12,0.32399023,0.07129044,0.11473028,0.15131699,0.26682642,0.07536204,0.18254964,0.22692841,0.11360723,0.12302683,0.15589832,-0.16214429,1.967671
2024-03-13,0.32110417,0.07089649,0.11509524,0.1520997,0.2694341,0.07495855,0.18148571,0.22419253,0.111326545,0.12827498,0.15473159,-0.16226996,1.9658697
2024-03-14,0.32239142,0.07103724,0.1145698,0.15073253,0.26945543,0.074151285,0.1819716,0.2270013,0.11062961,0.1270197,0.15463819,-0.16204283,1.9656409
2024-03-15,0.32839632,0.07179714,0.11329612,0.14806086,0.26461947,0.07425777,0.184117,0.23418637,0.114015736,0.116479635,0.15664348,-0.16150211,1.9673721
2024-03-18,0.32901514,0.071919024,0.11213018,0.14562806,0.26610214,0.07228341,0.18418011,0.23817228,0.11105129,0.117250115,0.15560524,-0.16100936,1.9643462
2024-03-19,0.3265326,0.07168448,0.113623336,0.14883678,0.26646328,0.07397738,0.18337464,0.23206283,0.11278515,0.12021185,0.15583007,-0.16168039,1.9670626
2024-03-20,0.3262545,0.07163679,0.11374797,0.14915746,0.26642156,0.07416625,0.18327932,0.23143436,0.112945944,0.120458715,0.15586832,-0.16175228,1.9671233
2024-03-21,0.32512367,0.07146826,0.11362241,0.14875296,0.26824152,0.07332794,0.18286508,0.23148161,0.1108661,0.12325035,0.15498488,-0.16169927,1.9656839
2024-03-22,0.322053,0.07103293,0.11467272,0.15111527,0.26940867,0.074360766,0.18180232,0.2262389,0.11088173,0.1273379,0.1546664,-0.16214606,1.9657167
2024-03-25,0.3246146,0.07140793,0.11429913,0.15029776,0.26730376,0.07456636,0.18273099,0.22885618,0.11269567,0.12288794,0.15559657,-0.16200362,1.9672607
2024-03-26,0.3224107,0.071076274,0.11500256,0.15193126,0.26806813,0.07529935,0.18196248,0.22516155,0.11265885,0.12573436,0.1553704,-0.16227931,1.9669552
2024-03-27,0.31996122,0.07069444,0.11539385,0.15286422,0.26971734,0.075328596,0.18106349,0.22238609,0.111271024,0.12961717,0.15464517,-0.16242166,1.9653645
2024-03-28,0.31165266,0.069286615,0.11694457,0.15775943,0.27136844,0.07783483,0.17784673,0.21001223,0.11035001,0.13888252,0.15382543,-0.16308363,1.958847
2024-04-01,0.3110518,0.06908216,0.1175389,0.15963575,0.26877996,0.07992442,0.17757982,0.2066186,0.11335846,0.1368242,0.15508744,-0.16337334,1.9588549
2024-04-02,0.31325328,0.06923652,0.11751793,0.15853794,0.26734108,0.07975053,0.17831977,0.20910901,0.1148762,0.13316876,0.15594512,-0.16324484,1.960301
2024-04-03,0.31392696,0.06952563,0.11720884,0.15833995,0.26787934,0.07939273,0.1787526,0.21030653,0.11420131,0.13332815,0.15558158,-0.16318612,1.9616299
2024-04-04,0.27894872,0.06168384,0.12043117,0.16643956,0.2741059,0.083688825,0.16234663,0.17095882,0.10450725,0.16785547,0.15210482,-0.16351746,1.9065886
2024-04-05,0.30606738,0.06815582,0.11797871,0.16143486,0.27051935,0.080567725,0.17561321,0.20086077,0.1112088,0.14295986,0.15411125,-0.1635428,1.9530206
2024-04-08,0.31426674,0.06954606,0.117199495,0.15833554,0.2670634,0.07964177,0.17877601,0.21034153,0.11501809,0.13216302,0.15595761,-0.16321504,1.9615244
2024-04-09,0.31475955,0.06977496,0.11682892,0.15711297,0.26923808,0.07812421,0.17909022,0.21276791,0.11269557,0.13398628,0.15492226,-0.162983,1.9622838
2024-04-10,0.31330788,0.069520846,0.11666402,0.15655327,0.27157032,0.0770532,0.1785656,0.21287763,0.10999144,0.13752009,0.15380776,-0.16291091,1.960343
2024-04-11,0.31772375,0.07025508,0.11647092,0.15563552,0.26841742,0.077540874,0.18028085,0.21677233,0.11352575,0.13038154,0.15542078,-0.16283569,1.9652605
2024-04-12,0.3171528,0.07019522,0.11627251,0.15520619,0.2696608,0.07681595,0.18004894,0.2171573,0.111993745,0.13217066,0.15476489,-0.16274866,1.9641877
2024-04-15,0.3185284,0.07043053,0.115740165,0.1538066,0.2700079,0.07580055,0.18053962,0.22010961,0.11117355,0.13125436,0.15453081,-0.16253741,1.9644594
2024-04-16,0.32514715,0.07145156,0.11390482,0.14921778,0.2678691,0.07377083,0.18292613,0.23078537,0.11162307,0.122851565,0.15527898,-0.1617952,1.9666216
2024-04-17,0.32670733,0.07165449,0.11391707,0.14966287,0.26507917,0.074942164,0.18345362,0.23085575,0.11446844,0.118703015,0.15653478,-0.16181545,1.9677941
2024-04-18,0.3211465,0.07078148,0.11413576,0.15000594,0.2710972,0.07314192,0.18142702,0.22740877,0.108162284,0.129703,0.15368144,-0.16189004,1.9625813
2024-04-19,0.32209873,0.07103146,0.11380245,0.1492457,0.27113876,0.072813205,0.18172397,0.22931045,0.10783266,0.12884036,0.15365177,-0.16171044,1.9631999
2024-04-22,0.3241137,0.07155375,0.1130297,0.14766854,0.27092955,0.07221256,0.18230024,0.2332271,0.107331164,0.12672554,0.15367478,-0.1613209,1.9640875
2024-04-23,0.32454327,0.07157937,0.11291815,0.14747396,0.2704622,0.072163835,0.18245523,0.23364793,0.10766338,0.12588257,0.1538304,-0.16130075,1.9639211
2024-04-24,0.31982207,0.07061529,0.1142806,0.15048303,0.2720182,0.07319414,0.18090077,0.22606036,0.10729844,0.13182738,0.1532641,-0.16194034,1.9617047
2024-04-25,0.3250437,0.071527176,0.113027796,0.14743039,0.26982456,0.07227746,0.18274523,0.23376103,0.10840956,0.124734,0.1541656,-0.16133592,1.9642825
2024-04-26,0.32551855,0.07160167,0.1128844,0.14711791,0.2695826,0.07218583,0.18290073,0.23448436,0.108503565,0.12403802,0.1542508,-0.1612558,1.9643242
2024-04-29,0.3274557,0.07210256,0.11185874,0.14531127,0.26920366,0.07153703,0.18334864,0.23865545,0.10776614,0.1217603,0.15423438,-0.16075882,1.9639927
2024-04-30,0.3237794,0.07138938,0.11322354,0.14803031,0.27070338,0.072371155,0.18225193,0.23230374,0.10768586,0.1268279,0.15377688,-0.16143815,1.9637815
2024-05-01,0.33277324,0.07138949,0.112722084,0.14234383,0.2658856,0.069800496,0.18440813,0.24410151,0.11120131,0.115491614,0.15854141,-0.15880588,1.9674646
2024-05-02,0.32978868,0.072249904,0.11099087,0.14357471,0.26728013,0.07114953,0.18412279,0.2423254,0.10830903,0.11757162,0.15490854,-0.16035399,1.9626251
2024-05-03,0.32774457,0.0721852,0.11152558,0.14471987,0.26939073,0.07133019,0.18337902,0.23993643,0.10703857,0.12158024,0.1541055,-0.16058032,1.9635164
2024-05-06,0.3268765,0.07212599,0.111745164,0.14514786,0.27027178,0.071388975,0.1830541,0.23899233,0.10646053,0.123255916,0.15379588,-0.16064522,1.9637604
2024-05-07,0.3273105,0.07214311,0.11171149,0.1450059,0.2698374,0.07139258,0.18324268,0.23933925,0.10686954,0.122413725,0.15398395,-0.16064486,1.963895
2024-05-08,0.3255558,0.071690574,0.11267498,0.14669885,0.2702059,0.07197221,0.18285556,0.23548412,0.107550144,0.124539055,0.15398584,-0.16110471,1.9643176
2024-05-09,0.32865965,0.072044656,0.11166288,0.1446163,0.26802912,0.07151869,0.18392177,0.24013963,0.10840323,0.119317815,0.15473615,-0.16064656,1.9636964
2024-05-10,0.32405937,0.0713492,0.11325039,0.1478268,0.27063975,0.07235963,0.1824362,0.23278987,0.1076459,0.12640634,0.15386909,-0.16139276,1.9640251
2024-05-13,0.32604122,0.071627244,0.112745,0.1466494,0.26947892,0.07206951,0.18313308,0.23556241,0.108290866,0.12334642,0.15431659,-0.16111773,1.9643786
2024-05-14,0.3227526,0.07102623,0.113722816,0.1487498,0.27099037,0.07269869,0.1820664,0.23050496,0.1076821,0.12796484,0.15377347,-0.16159639,1.9635288
2024-05-15,0.31728706,0.06996326,0.1151374,0.15210998,0.27270228,0.07402633,0.18017073,0.22204617,0.10705054,0.13470599,0.15313417,-0.16221352,1.9605474
2024-05-16,0.31424454,0.06941259,0.115550056,0.15347487,0.2738408,0.07450223,0.1790054,0.21820274,0.105957665,0.13858487,0.15256341,-0.16238178,1.9577209
2024-05-17,0.30729607,0.06817366,0.117392585,0.1586713,0.27375072,0.07790898,0.17641257,0.20606662,0.107165806,0.14481401,0.15271196,-0.16309729,1.9534616
2024-05-20,0.29857522,0.06652991,0.118022814,0.16221759,0.27515173,0.07985697,0.17280671,0.19510868,0.104775265,0.15384461,0.15158503,-0.16325724,1.9417318
2024-05-21,0.19091746,0.043157022,0.11473362,0.17241791,0.2785813,0.09149313,0.116658404,0.093059465,0.074091405,0.23867536,0.14324766,-0.16186395,1.7188967
2024-05-22,0.17853725,0.04126362,0.11257605,0.17206591,0.27864096,0.09245294,0.10970086,0.083732374,0.07046707,0.2472208,0.14218375,-0.16128007,1.6901217
2024-05-23,0.07112427,0.017383266,0.097152695,0.15481308,0.26416677,0.10215781,0.033911213,0.005933851,0.045860156,0.300281,0.15150674,-0.16698667,1.4112777
2024-05-24,0.14715415,0.03815008,0.10417454,0.17216448,0.27650335,0.094774716,0.08878936,0.05950237,0.061887138,0.2703911,0.13881782,-0.16042963,1.6127387
2024-05-28,0.21339664,0.049449123,0.11479317,0.17464706,0.2797302,0.090056054,0.12972207,0.11120047,0.07903148,0.22501767,0.14249781,-0.16168383,1.7712256
2024-05-29,0.2025564,0.047627166,0.11360881,0.17503476,0.28010154,0.09072216,0.12361075,0.10234579,0.0760246,0.23319122,0.14131205,-0.161912,1.7480474
2024-05-30,0.2087926,0.048002176,0.115130424,0.17412204,0.2794973,0.09038303,0.12700698,0.10725283,0.07825638,0.22778106,0.14286236,-0.16177626,1.7608634
2024-05-31,0.2744478,0.061881542,0.1178896,0.16975237,0.27661514,0.0849728,0.16204055,0.1671896,0.09754841,0.17588466,0.14872964,-0.1628452,1.8997974
2024-06-03,0.18781218,0.04162318,0.11519469,0.17108333,0.27750164,0.091694996,0.114514425,0.09057002,0.07396298,0.23936781,0.1443522,-0.16170354,1.709381
2024-06-04,0.28583908,0.06425965,0.11780846,0.16594937,0.2770989,0.08185461,0.16710219,0.18095252,0.100063935,0.1668075,0.1494935,-0.16304642,1.9202762
2024-06-05,0.28390896,0.0639118,0.117762014,0.16645916,0.27738613,0.0821616,0.16623585,0.17887178,0.09934003,0.16871974,0.14918497,-0.16299337,1.9169354
2024-06-06,0.27341074,0.061854467,0.11748409,0.16952741,0.27743685,0.08451316,0.16145192,0.1668652,0.09632415,0.17765167,0.14809039,-0.16267642,1.8972865
2024-06-07,0.29818535,0.06662378,0.11724986,0.16091245,0.2769489,0.07837203,0.1724519,0.19693042,0.10233254,0.15596098,0.15049118,-0.1630631,1.9395225
2024-06-10,0.29988343,0.06693624,0.11730045,0.16053164,0.27644163,0.07826296,0.17319159,0.19859928,0.10323499,0.15399538,0.15087631,-0.16308385,1.9423378
2024-06-11,0.30177963,0.067226365,0.11681886,0.15900734,0.27682108,0.07713433,0.17397262,0.20218265,0.102507845,0.15264508,0.15070176,-0.16294424,1.9437417
2024-06-12,0.2961993,0.06617434,0.11717814,0.16126895,0.2775242,0.07846423,0.17164184,0.19512749,0.10109229,0.1582073,0.15004073,-0.1629956,1.9359145
2024-06-13,0.30020487,0.06685918,0.1165434,0.15882066,0.27776337,0.076759756,0.17332186,0.20149645,0.100758195,0.15486127,0.150056,-0.16280027,1.9402455
2024-06-14,0.29859436,0.066567,0.1165632,0.15929615,0.2781959,0.07695872,0.17263936,0.1997501,0.10006415,0.15667506,0.14974152,-0.16278815,1.9378337
2024-06-17,0.29911923,0.06658832,0.116387755,0.15865315,0.2785023,0.076491594,0.1728984,0.20108506,0.09951779,0.15642136,0.14960854,-0.16269334,1.9379668
2024-06-18,0.29325217,0.06544196,0.11678231,0.1610607,0.27909696,0.07796489,0.17046921,0.1935974,0.09809398,0.16211516,0.14897487,-0.16270751,1.9295573
2024-06-20,0.28238356,0.06334751,0.117125615,0.16519098,0.27945393,0.080799185,0.16577682,0.1799696,0.09562169,0.17184682,0.14792208,-0.16252445,1.9119623
2024-06-21,0.2886033,0.06454605,0.117329374,0.16347368,0.27881598,0.07975362,0.16852777,0.18676823,0.09799172,0.1658802,0.1488831,-0.16277087,1.9233438
2024-06-24,0.29356793,0.06550319,0.11736213,0.16204196,0.27803543,0.07895112,0.17067038,0.19223154,0.0999282,0.16086304,0.1496835,-0.16290385,1.9317422
2024-06-25,0.30509079,0.067646965,0.11674321,0.15758204,0.2762709,0.076478496,0.17551437,0.20644549,0.10322857,0.14905292,0.15123063,-0.16282462,1.9481089
2024-06-26,0.2977305,0.06630264,0.117280915,0.16070339,0.277334,0.078224346,0.17244625,0.19699565,0.10142764,0.1565812,0.15031907,-0.16296345,1.938309
2024-06-27,0.31778264,0.070334956,0.11450508,0.15082116,0.27428147,0.073205575,0.180169,0.22503376,0.104849815,0.1356972,0.15241785,-0.16184139,1.96094
2024-06-28,0.31838846,0.07044266,0.11438833,0.15054323,0.27397642,0.073113956,0.18039243,0.22578274,0.10507854,0.13486223,0.15253434,-0.16177958,1.961283
2024-07-01,0.3229601,0.07145746,0.11296843,0.14750391,0.27274927,0.072037786,0.18183492,0.23349266,0.10511162,0.12936266,0.15296417,-0.16115889,1.963602
2024-07-02,0.32354653,0.071566895,0.11274469,0.14706066,0.27251756,0.071891956,0.18201156,0.23452805,0.10509363,0.12856731,0.15303025,-0.16105114,1.9636103
2024-07-03,0.31793365,0.07053579,0.11419208,0.15040956,0.27475905,0.072956495,0.1800841,0.226055,0.10410887,0.1360437,0.15214908,-0.16169085,1.9609183
2024-07-05,0.3191675,0.07082399,0.11383872,0.14962849,0.27448487,0.0726636,0.18047863,0.2280876,0.10412779,0.13463204,0.15224932,-0.16152707,1.9617096
2024-07-08,0.31755647,0.070554145,0.11413099,0.15044092,0.27518377,0.07291798,0.17987506,0.22594008,0.10363558,0.1368022,0.15194365,-0.16166496,1.9606458
2024-07-09,0.31815544,0.07061734,0.11415145,0.1503273,0.27471387,0.07292689,0.18014471,0.2263282,0.10420837,0.13581003,0.15217355,-0.16167852,1.9612355
2024-07-10,0.31653523,0.07029319,0.1144983,0.1512076,0.27524033,0.0732442,0.17956941,0.22397427,0.10390309,0.13780695,0.15194726,-0.16183442,1.9600542
2024-07-11,0.31648377,0.07025862,0.11451973,0.15126339,0.27515388,0.07326956,0.17955974,0.22381052,0.10398252,0.13777655,0.15197617,-0.16185506,1.9599096
2024-07-12,0.32021508,0.07092828,0.113858625,0.14949806,0.27345628,0.07270427,0.18092768,0.22857934,0.10536371,0.1327265,0.15270992,-0.16159537,1.962563
2024-07-15,0.3188665,0.07064954,0.11422633,0.15034837,0.27381232,0.07301413,0.18047167,0.2263875,0.10531937,0.13433181,0.15257305,-0.1617748,1.9617754
2024-07-16,0.31544042,0.069728315,0.11518282,0.15254074,0.27397057,0.073951654,0.17938416,0.22042806,0.105712906,0.13759904,0.15249896,-0.1622454,1.9586829
2024-07-17,0.30967137,0.06867438,0.11633174,0.15603426,0.27485391,0.07580298,0.1772058,0.21158503,0.10533685,0.14374286,0.15204914,-0.16274822,1.9540367
2024-07-18,0.31791526,0.07014968,0.11523257,0.15224352,0.2721968,0.07426849,0.18040256,0.22219235,0.10792853,0.13369182,0.15343043,-0.16224158,1.9618934
2024-07-19,0.31784645,0.07016482,0.11569531,0.15325409,0.2713452,0.07516473,0.1804222,0.22060826,0.10941227,0.13299853,0.15395683,-0.16242525,1.963294
2024-07-22,0.3093465,0.068711884,0.11700581,0.15768006,0.2734782,0.077266,0.177092,0.20882872,0.10767548,0.14281361,0.15283933,-0.16302052,1.955758
2024-07-23,0.30555204,0.06803185,0.11709121,0.15878841,0.27481586,0.077555254,0.17552024,0.20483345,0.105741926,0.14749366,0.1519651,-0.16309056,1.9504796
2024-07-24,0.31064898,0.06891723,0.11625616,0.1557499,0.27451792,0.07570172,0.17755009,0.21260239,0.10590025,0.14257756,0.15224564,-0.16274276,1.9554106
2024-07-25,0.32000795,0.0705436,0.114510745,0.15063559,0.27172205,0.07340217,0.18109173,0.22582234,0.10782044,0.13129246,0.15350673,-0.16199452,1.9623504
2024-07-26,0.32257533,0.07097987,0.1142271,0.14987129,0.26997086,0.07349637,0.18205336,0.22842258,0.10950378,0.12725742,0.15432225,-0.16188699,1.9645672
2024-07-29,0.32297677,0.07104482,0.11385094,0.1491526,0.27009782,0.07300126,0.18214291,0.22972864,0.10891374,0.12698239,0.15414524,-0.16175678,1.963794
2024-07-30,0.32227147,0.07093124,0.11405961,0.14957502,0.27048758,0.07314035,0.18190144,0.22870503,0.10874708,0.12801026,0.1540192,-0.16184048,1.9636889
2024-07-31,0.32488602,0.07132831,0.113618,0.14852238,0.26868555,0.07310669,0.1828538,0.23170704,0.11018829,0.12381753,0.15480283,-0.1616363,1.9651525
2024-08-01,0.3246781,0.07158563,0.11302675,0.1475468,0.27033097,0.072249934,0.18254681,0.23354712,0.107997164,0.12560041,0.15394682,-0.16134062,1.9643971
2024-08-02,0.32667083,0.0718998,0.11244318,0.14623067,0.26936123,0.07189461,0.1832158,0.23663653,0.108361304,0.122685045,0.15430912,-0.16101302,1.9647211
2024-08-05,0.32930303,0.07226844,0.11147086,0.14348891,0.2693011,0.07066142,0.18358976,0.24256942,0.10702461,0.12047431,0.15487969,-0.15989901,1.9649307
2024-08-06,0.3293794,0.072298944,0.111453965,0.14350137,0.2692001,0.070692755,0.18362871,0.2425776,0.10715073,0.12029264,0.15489136,-0.15991864,1.9649863
2024-08-07,0.32857215,0.07242611,0.111013204,0.14372903,0.2694502,0.070957705,0.18346135,0.24212746,0.10641487,0.12084239,0.15410635,-0.1602498,1.9633507
2024-08-08,0.33003104,0.0721602,0.11170372,0.14329183,0.26868698,0.07047427,0.18375191,0.24289672,0.10786614,0.11954294,0.15555665,-0.15971288,1.9656754
2024-08-09,0.33012515,0.07220375,0.11168416,0.14329772,0.26859975,0.07047746,0.18377201,0.24291725,0.10800447,0.119393826,0.15557855,-0.15971085,1.965765
2024-08-12,0.33055514,0.07209487,0.11190955,0.14315325,0.26834536,0.0703445,0.18386436,0.24314633,0.108445086,0.118970335,0.15604745,-0.15954658,1.9664229
2024-08-13,0.33093953,0.07197865,0.11206134,0.14302234,0.26795506,0.07024639,0.1839623,0.24331939,0.10889807,0.11840904,0.15647039,-0.15943539,1.9666979
2024-08-14,0.32987356,0.07225939,0.11148134,0.14342187,0.26850292,0.07068087,0.18381453,0.24271028,0.10785356,0.11925565,0.15524553,-0.15991008,1.9650096
2024-08-15,0.33223462,0.07144075,0.1128993,0.14232494,0.26728117,0.06945242,0.18391627,0.24413519,0.110102564,0.11771817,0.15836398,-0.15850973,1.968379
2024-08-16,0.33196443,0.071455725,0.11290899,0.14236394,0.26771587,0.06943408,0.18380617,0.24407919,0.109683886,0.11836192,0.15818281,-0.15850836,1.9684656
2024-08-19,0.33134946,0.071703926,0.112452224,0.14273092,0.26787287,0.06988348,0.18391173,0.24364808,0.109164715,0.11842239,0.15721026,-0.15905476,1.9674047
2024-08-20,0.3306161,0.07201219,0.11189805,0.14313918,0.26803988,0.07040374,0.18396716,0.24312276,0.10858961,0.118537396,0.15611568,-0.15960288,1.9660445
2024-08-21,0.31865272,0.07035793,0.11464575,0.15116796,0.27247712,0.073487446,0.18053824,0.22430724,0.10712433,0.13328901,0.1531398,-0.16208804,1.9612756
2024-08-22,0.30614018,0.06814483,0.11693631,0.15835506,0.2748717,0.07724197,0.17573746,0.20586981,0.10561768,0.14702584,0.15193093,-0.1630555,1.9509273
2024-08-23,0.3153632,0.069781445,0.11579871,0.15395299,0.2727561,0.07510622,0.17939508,0.21811698,0.1078942,0.13664484,0.15319586,-0.16251984,1.9605255
2024-08-26,0.312812,0.06932554,0.11621244,0.15538263,0.2732344,0.07582432,0.17840491,0.21443449,0.10748772,0.13946597,0.15292054,-0.16271079,1.9582158
2024-08-27,0.32100827,0.07071644,0.11488317,0.15130845,0.27025247,0.07428735,0.18154074,0.22537789,0.10990639,0.12901412,0.15433913,-0.16214791,1.9647824
2024-08-28,0.31992725,0.07053601,0.11510122,0.15191558,0.2706633,0.07450715,0.18114011,0.22384407,0.10962826,0.13043797,0.15415588,-0.16223457,1.9640911
2024-08-29,0.32230678,0.07090199,0.11461811,0.1506925,0.2694636,0.07416077,0.18201874,0.2270398,0.11043027,0.1270428,0.1546621,-0.16205193,1.9653894
2024-08-30,0.31786442,0.07019644,0.11609772,0.1544732,0.2698149,0.0763538,0.18041079,0.21871607,0.111473866,0.1316015,0.15470581,-0.1626274,1.9643359
2024-09-03,0.32273442,0.0709894,0.11436172,0.15014431,0.26955512,0.07379468,0.1821437,0.22810814,0.11008386,0.12671842,0.1545551,-0.16194806,1.9651369
2024-09-04,0.31695879,0.0700607,0.11575909,0.1535274,0.2719397,0.07513573,0.18004145,0.21969207,0.108931065,0.1343791,0.15367061,-0.16249436,1.9625902
2024-09-05,0.31290993,0.06930728,0.1159028,0.1546115,0.27391177,0.07515121,0.17842996,0.21567544,0.10639271,0.13996087,0.15254325,-0.16257492,1.9573718
2024-09-06,0.31435978,0.06954846,0.11549826,0.1535021,0.27380097,0.074496135,0.17896885,0.218219,0.106184736,0.1385026,0.15256009,-0.16241238,1.9580535
2024-09-09,0.31959653,0.070579834,0.114404276,0.15054135,0.27244076,0.07323789,0.1808676,0.22597295,0.106966645,0.13237232,0.15316743,-0.16192603,1.9620736
2024-09-10,0.31999803,0.07060685,0.114347056,0.1504394,0.27196068,0.073230624,0.18102358,0.22622105,0.1074074,0.1315591,0.15334329,-0.16193655,1.9620738
2024-09-11,0.3180748,0.070372365,0.11463711,0.15126163,0.27320752,0.07344883,0.18026261,0.22406425,0.10639097,0.13453093,0.1528283,-0.16204786,1.961127
2024-09-12,0.314413,0.0697325,0.11511807,0.15284091,0.2747571,0.07395117,0.17884938,0.21958539,0.104924835,0.13936643,0.15207802,-0.16224703,1.9578638
2024-09-13,0.31458288,0.06982734,0.11501451,0.15261963,0.27502587,0.073830515,0.17888103,0.22018464,0.10457373,0.13946672,0.15196931,-0.16216543,1.9581417
2024-09-16,0.31556174,0.07004809,0.11478801,0.1520518,0.27486518,0.073591284,0.17921622,0.22174822,0.10459384,0.1384249,0.15205054,-0.16207531,1.9590151
2024-09-17,0.31648993,0.070037924,0.11490111,0.15215962,0.27336702,0.073774,0.17965624,0.22155705,0.10635469,0.13618343,0.15267754,-0.16222444,1.9593829
2024-09-18,0.32197967,0.07116657,0.11373122,0.14924754,0.27152288,0.07275625,0.18158557,0.22940561,0.10756491,0.12935984,0.15347622,-0.16170815,1.9635044
2024-09-19,0.32022506,0.07069867,0.11430687,0.15055488,0.27150577,0.07331236,0.18103291,0.2260678,0.10802762,0.13098708,0.15350214,-0.16203001,1.9622511
2024-09-20,0.31395194,0.06975244,0.115753636,0.15467176,0.2730931,0.07528984,0.17862792,0.21617658,0.1076928,0.13842903,0.1528669,-0.16264527,1.9589514
2024-09-23,0.31221622,0.06939875,0.1159863,0.15536036,0.27374172,0.07555654,0.17798898,0.21410902,0.10697982,0.14058357,0.15255237,-0.16273797,1.9572116
2024-09-24,0.3110873,0.069361895,0.11709608,0.15869637,0.27057832,0.07861695,0.17745377,0.20818263,0.111595735,0.13871038,0.15414488,-0.16327026,1.9587945
2024-09-25,0.26531696,0.059561677,0.11904056,0.16991696,0.27631092,0.08561257,0.15632449,0.15710716,0.097780585,0.1820485,0.149169,-0.16274244,1.8809316
2024-09-26,0.25911754,0.058335587,0.11864412,0.17087346,0.27687606,0.08635388,0.15334609,0.15100454,0.09524523,0.18769692,0.14825688,-0.16229957,1.8680499
2024-09-27,0.27713144,0.06276275,0.11761549,0.16889152,0.27684343,0.0840639,0.16295794,0.17038918,0.098373726,0.1740323,0.14873224,-0.16300356,1.9047974
2024-09-30,0.2514913,0.055955358,0.119345725,0.1704157,0.27657264,0.0868077,0.14890489,0.14386281,0.094108716,0.19255221,0.14866951,-0.1623222,1.8510088
2024-10-01,0.15136865,0.031467773,0.11191067,0.16359118,0.2721225,0.09431782,0.09228963,0.06468387,0.06538636,0.25704193,0.14697665,-0.16015325,1.6113104
2024-10-02,0.072054595,0.011849418,0.10078476,0.13958469,0.25936052,0.10898538,0.040534243,0.007914297,0.052485034,0.29228583,0.15916109,-0.16807714,1.413077
2024-10-03,0.19381875,0.13585812,0.1138967,0.09298438,0.2606839,0.07013458,0.17730829,-0.0034680218,0.2100095,0.46482486,0.13236806,-0.31518757,2.1705427
2024-10-04,0.2340627,0.21586037,0.14126109,0.08450544,0.2923236,0.061598733,0.27859637,-0.002277583,0.29854944,0.52783763,0.12308376,-0.38721853,2.6471753
2024-10-07,0.28222394,0.3036353,0.17011462,0.056629308,0.35155767,0.028528921,0.41493556,-0.008235946,0.38694537,0.5965066,0.09876773,-0.50922805,3.207309
2024-10-08,0.2980049,0.3271656,0.15366408,0.01718171,0.37581053,0.009076543,0.47635457,-0.044304945,0.4082488,0.59133214,0.103188,-0.5675585,3.3718905
2024-10-09,0.12973954,0.06517205,0.06892015,0.1081246,0.2725179,0.092481434,0.09839048,0.022548355,0.12528284,0.38011575,0.15867133,-0.26921418,1.7911787
2024-10-10,0.13079573,0.014550488,0.1130043,0.13385123,0.24520752,0.09481672,0.072763376,0.06424034,0.063668124,0.22804466,0.16354935,-0.15702096,1.4815128
2024-10-11,0.3046413,0.0638764,0.119741365,0.1523034,0.26226574,0.07853107,0.1709883,0.20313284,0.11789287,0.13055857,0.15982236,-0.16285183,1.926606
2024-10-14,0.2920401,0.057366095,0.119636625,0.14551492,0.2563827,0.077819884,0.16203843,0.19634077,0.11614461,0.13027425,0.1628179,-0.16237918,1.8787555
2024-10-15,0.27572677,0.04512267,0.10955419,0.12279762,0.23516104,0.07558185,0.14894192,0.20598896,0.10405465,0.11179496,0.16839296,-0.15995638,1.763074
2024-10-16,0.30514848,0.06820367,0.117620155,0.16090861,0.27232414,0.07955915,0.17514181,0.20115213,0.10919084,0.14567854,0.153088,-0.16336308,1.9513786
2024-10-17,0.18354219,0.035730124,0.11837323,0.16397282,0.27165723,0.09143201,0.110082105,0.08857317,0.07581787,0.2340909,0.15047345,-0.1616162,1.6853614
2024-10-18,0.26989293,0.058103774,0.12210216,0.16435662,0.27277339,0.08370221,0.15629406,0.16280808,0.10497164,0.17156278,0.15380116,-0.16376728,1.8841362
2024-10-21,0.30025178,0.06719479,0.11722419,0.16080748,0.27582967,0.07849051,0.17317964,0.19835123,0.10411154,0.15326318,0.15106626,-0.1631043,1.9428747
2024-10-22,0.27449235,0.061309695,0.11977692,0.16810626,0.27524078,0.08448607,0.1605555,0.16617218,0.10199319,0.17320445,0.15076199,-0.16321003,1.8993094
2024-10-23,0.22877933,0.05013433,0.11887364,0.170959,0.27692524,0.088923,0.13698612,0.12345247,0.08660326,0.20976119,0.14750734,-0.16158643,1.8004912
2024-10-24,0.27434382,0.061601065,0.11910084,0.16887105,0.27571005,0.084738456,0.16096659,0.16613838,0.10058808,0.17433569,0.14999813,-0.16305421,1.8994465
2024-10-25,0.29577115,0.066339135,0.11755487,0.16275312,0.27606136,0.07976408,0.17128868,0.1924351,0.103316665,0.15739186,0.15069067,-0.16317247,1.9365393
2024-10-28,0.29055318,0.06533335,0.11772585,0.16451854,0.2767462,0.08085734,0.16905484,0.18628153,0.10173365,0.16250062,0.15002574,-0.16313665,1.9284675
2024-10-29,0.29703048,0.066491574,0.117235035,0.16151747,0.27682072,0.078741,0.17188632,0.19522046,0.1022917,0.1569452,0.15037754,-0.16303498,1.9375925
2024-10-30,0.29237396,0.06564369,0.11734466,0.16308886,0.2775182,0.07964298,0.16986029,0.18974498,0.100838564,0.16164333,0.14971784,-0.16299817,1.9304154
2024-10-31,0.2977024,0.06667437,0.1172678,0.16136982,0.27672052,0.07869069,0.17215575,0.19586635,0.10269456,0.15626648,0.15050668,-0.16305988,1.9389752
2024-11-01,0.31572416,0.07000879,0.11496885,0.15232088,0.27432063,0.07378748,0.17935148,0.22114931,0.10541695,0.13777402,0.15230538,-0.16212197,1.9592497
2024-11-04,0.32046056,0.07121617,0.11357832,0.14925231,0.27372506,0.072541036,0.180844,0.22929652,0.10507849,0.13285,0.1525143,-0.16147675,1.9628335
2024-11-05,0.32352212,0.07169514,0.11279066,0.14745957,0.2721827,0.072003715,0.18192326,0.23373121,0.10581516,0.12846622,0.15309678,-0.16114143,1.9638281
2024-11-06,0.32598114,0.072073445,0.11211465,0.14601177,0.27070394,0.07162444,0.18275099,0.23715024,0.106645755,0.124667585,0.15363443,-0.16081512,1.9641736
2024-11-07,0.33353668,0.06892635,0.114467904,0.13993043,0.2642298,0.06724587,0.18228267,0.2450625,0.11177374,0.11712678,0.16412249,-0.15498836,1.9636936
2024-11-08,0.32779682,0.07244231,0.110911444,0.14387715,0.27023652,0.0709556,0.18314566,0.24174298,0.10547186,0.122241214,0.15361336,-0.16023058,1.9626656
2024-11-11,0.32535893,0.07194716,0.112462044,0.14657544,0.27100003,0.07182251,0.18260272,0.23591405,0.10677862,0.12555562,0.15359956,-0.16097544,1.9645922
2024-11-12,0.33069646,0.072177485,0.1116022,0.1433096,0.26741686,0.07076333,0.18420519,0.24292214,0.10901122,0.117485635,0.15582602,-0.1598683,1.9652843
2024-11-13,0.33027077,0.072156884,0.111780226,0.14329982,0.26845554,0.0705815,0.18393473,0.2429468,0.10818426,0.11901164,0.15567172,-0.15971321,1.966007
2024-11-14,0.33152235,0.071504846,0.11279094,0.14254552,0.26809654,0.069640964,0.18385033,0.24384438,0.1091058,0.11880321,0.15766393,-0.15867767,1.9680465
2024-11-15,0.33152854,0.07145475,0.11294119,0.14247084,0.26836064,0.06952282,0.18375985,0.24393336,0.10899057,0.11920302,0.1578181,-0.15851909,1.9685028
2024-11-18,0.33116394,0.07152152,0.112841904,0.14254208,0.26879168,0.06951143,0.18359466,0.24381545,0.108507186,0.119915664,0.15751368,-0.15856531,1.9682844
2024-11-19,0.32852107,0.0723581,0.11108552,0.14373487,0.26952294,0.07100059,0.18352097,0.24209364,0.10627468,0.12090327,0.15409689,-0.16019261,1.9633051
2024-11-20,0.32120717,0.0711362,0.11368981,0.14911273,0.2729023,0.072607815,0.18128064,0.2296627,0.10590433,0.13131171,0.15292689,-0.16150883,1.9632511
2024-11-21,0.32565597,0.07175658,0.1126795,0.14669544,0.27025467,0.07198481,0.18289085,0.23556979,0.10758647,0.124502674,0.15397194,-0.16105413,1.9646028
2024-11-22,0.32573575,0.07180888,0.1126142,0.14659868,0.27030456,0.07194721,0.18288903,0.23581195,0.107493356,0.12447758,0.1539438,-0.16102795,1.964653
2024-11-25,0.3215056,0.07080974,0.114107385,0.1496655,0.2712772,0.073030606,0.181634,0.2282425,0.10785761,0.12944812,0.15366301,-0.16178533,1.9630266
2024-11-26,0.31751406,0.070216015,0.11473398,0.15147132,0.2734516,0.07352492,0.18009795,0.22342364,0.106045686,0.13525611,0.15271348,-0.1620267,1.9604754
2024-11-27,0.3210261,0.07103888,0.11388354,0.14942013,0.2727047,0.07276297,0.18127432,0.22893618,0.10633845,0.13128665,0.1530506,-0.16162121,1.9633437
2024-11-29,0.3207873,0.070991784,0.11385231,0.1494178,0.2728929,0.07273101,0.18117242,0.22886285,0.1060095,0.13168493,0.15294787,-0.16160324,1.9629538
2024-12-02,0.31835154,0.07048739,0.114475176,0.15088765,0.27357414,0.07326737,0.18034126,0.22502922,0.10580913,0.13460782,0.15267362,-0.16189569,1.9613998
2024-12-03,0.31862664,0.070538744,0.11443697,0.15074721,0.27350003,0.07322316,0.18044615,0.2254191,0.105876476,0.134272,0.15272051,-0.1618798,1.9616868
2024-12-04,0.31766886,0.07035898,0.11459519,0.15117684,0.2739324,0.07335838,0.18009129,0.22422782,0.10549916,0.1355567,0.1525324,-0.16194712,1.960945
2024-12-05,0.30397552,0.067613766,0.11637889,0.15752023,0.2769513,0.076138616,0.17486872,0.20584477,0.10220051,0.15077601,0.15066358,-0.16276726,1.9456993
2024-12-06,0.3061229,0.0680169,0.116429105,0.15701783,0.27620777,0.07604781,0.1757696,0.2079318,0.1034411,0.14816648,0.15120299,-0.1627889,1.949143
2024-12-09,0.3072543,0.068178646,0.11600685,0.15588266,0.2764441,0.0752472,0.17619519,0.21036023,0.10279864,0.14733297,0.15104619,-0.16262245,1.9493693
2024-12-10,0.3069652,0.06813738,0.116148576,0.15619835,0.27639768,0.07547633,0.17609769,0.20969972,0.10299599,0.14755294,0.15109898,-0.1626707,1.9494396
2024-12-11,0.3016301,0.06717188,0.11678752,0.15887672,0.2770747,0.07701414,0.17394729,0.20228833,0.10213126,0.15297216,0.15057164,-0.16288304,1.9433486
2024-12-12,0.29942128,0.066777974,0.11694352,0.15979518,0.27740997,0.07753256,0.17302144,0.19946699,0.10158396,0.15523969,0.15029114,-0.16291028,1.9403939
2024-12-13,0.30447453,0.067721196,0.116512164,0.15760072,0.27666104,0.076291546,0.17509048,0.20602725,0.10279871,0.15005976,0.15089642,-0.1628288,1.9469626
2024-12-16,0.2862862,0.06433418,0.117170766,0.16428998,0.2790076,0.08019245,0.1673326,0.18393494,0.09752228,0.16817144,0.14848498,-0.16273744,1.9194648
2024-12-17,0.28399616,0.06386599,0.11690773,0.16460069,0.27948177,0.08027019,0.16631366,0.18194148,0.09609835,0.17060201,0.14793769,-0.1625599,1.9145755
2024-12-18,0.29374623,0.06579802,0.11696802,0.16165468,0.2784118,0.07846512,0.1705123,0.19293323,0.099624746,0.16118675,0.1493493,-0.16287468,1.9315249
2024-12-19,0.31713408,0.0705343,0.11444458,0.15115747,0.27491435,0.07323454,0.17971429,0.22432187,0.10457462,0.13702679,0.15208842,-0.16187061,1.961016
2024-12-20,0.3165486,0.07029359,0.11471543,0.15184295,0.27426997,0.07355621,0.17955893,0.22250572,0.10545324,0.13700652,0.15231417,-0.16206954,1.9601349
2024-12-23,0.3125078,0.06962084,0.11501549,0.15325758,0.2762222,0.07395007,0.17794345,0.21823654,0.10320452,0.14254501,0.15131435,-0.16215205,1.9559699
2024-12-24,0.3139323,0.06996494,0.11484489,0.1526312,0.2759798,0.07371278,0.17846088,0.22014424,0.10359526,0.14101544,0.15150338,-0.16207696,1.9578621
2024-12-26,0.3089815,0.06885743,0.11550985,0.15497938,0.27664825,0.07468966,0.17661284,0.2131505,0.102767594,0.14613838,0.15095095,-0.16246273,1.9517491
2024-12-27,0.31250107,0.06959154,0.11509304,0.15337822,0.27605075,0.07402442,0.17796265,0.21795152,0.10348934,0.14238952,0.1514031,-0.16220456,1.9560397
2024-12-30,0.31730753,0.07069681,0.114131734,0.15079331,0.27516034,0.07299905,0.17964076,0.22518273,0.1040529,0.13714956,0.15189141,-0.16176549,1.9607717
2024-12-31,0.31352028,0.06969918,0.11508633,0.1532164,0.27512234,0.07402511,0.17839076,0.21852124,0.104572505,0.14061879,0.15181297,-0.16225943,1.9568454
2025-01-02,0.31891495,0.070735626,0.11424552,0.15071318,0.27320024,0.07314793,0.18040305,0.22557236,0.10627982,0.13385524,0.15274455,-0.16190737,1.9617198
2025-01-03,0.3258047,0.07176404,0.11263175,0.14714825,0.26892585,0.07213202,0.18284044,0.23440139,0.10915404,0.12332564,0.1543398,-0.16128695,1.9637548
2025-01-06,0.3191521,0.070843905,0.11408387,0.1504222,0.2733804,0.07299721,0.1804413,0.22629854,0.105944365,0.13381201,0.15264696,-0.1618246,1.9618477
2025-01-07,0.31771213,0.07054679,0.11438076,0.15120992,0.27377313,0.0732812,0.17992075,0.22416471,0.10572587,0.13552538,0.15246744,-0.16197707,1.9606853
2025-01-08,0.31274432,0.069555335,0.1152295,0.153551,0.2754839,0.074156076,0.17811199,0.21756272,0.10429771,0.14163952,0.15166643,-0.16230753,1.956306
2025-01-10,0.3080084,0.068548895,0.11572449,0.1556712,0.27612716,0.07505378,0.1762769,0.21110627,0.103345536,0.14653613,0.15107894,-0.16263184,1.9501096
2025-01-13,0.3146394,0.06992303,0.11503978,0.15285604,0.27468222,0.07392364,0.17882623,0.21967039,0.10525845,0.13917787,0.15207806,-0.16226225,1.9583373
2025-01-14,0.30988112,0.06913022,0.116270795,0.15674579,0.27405402,0.076276496,0.17696346,0.21054885,0.10689773,0.14309983,0.15228158,-0.16289471,1.9550445
2025-01-15,0.30413455,0.06803681,0.11667569,0.15893218,0.2754632,0.07728194,0.17465547,0.20368424,0.1047927,0.1495624,0.15132919,-0.16305038,1.9475987
2025-01-16,0.29970598,0.067157514,0.11648892,0.15981206,0.27692574,0.07739334,0.17276345,0.19956955,0.10210767,0.15484941,0.15023193,-0.16296926,1.9399749
2025-01-17,0.29978973,0.06726416,0.11707106,0.16096067,0.27591205,0.07847319,0.17281552,0.19780578,0.104092106,0.15384823,0.15091297,-0.1631683,1.9421138
2025-01-21,0.30822268,0.0686837,0.1165238,0.15728725,0.27464768,0.076541916,0.17643265,0.20875277,0.10602993,0.1450412,0.15202944,-0.16294551,1.9531385
2025-01-22,0.30816257,0.06859579,0.11635795,0.1568416,0.2750914,0.076138824,0.17643496,0.20941952,0.10523453,0.14545906,0.15178686,-0.16286299,1.9523861
2025-01-23,0.3060075,0.068230465,0.11665143,0.15795332,0.27543086,0.07676414,0.1755661,0.20640427,0.10492922,0.14771348,0.15156963,-0.16300368,1.9502239
2025-01-24,0.30486962,0.0679795,0.11675073,0.1584065,0.27564242,0.07700372,0.17513332,0.20500791,0.10452501,0.14891589,0.15141267,-0.16301104,1.9486582
2025-01-27,0.30415744,0.067809075,0.11669065,0.15839323,0.2760769,0.07688297,0.17485796,0.20459434,0.103812225,0.14992642,0.15114665,-0.1629701,1.947318
2025-01-28,0.3072232,0.06831917,0.11621308,0.1565358,0.27596396,0.075738996,0.17610069,0.2093226,0.10384311,0.14702106,0.1513044,-0.16277671,1.9503627
2025-01-29,0.29762352,0.066619396,0.11718297,0.16112109,0.27704075,0.07843928,0.17212157,0.1962311,0.102251396,0.1565876,0.15035644,-0.16309306,1.9386683
2025-01-30,0.29924467,0.06692299,0.11727442,0.16084668,0.27647173,0.078420244,0.17282985,0.19767508,0.10325467,0.15463951,0.150774,-0.16311887,1.9414726
2025-01-31,0.30120134,0.06725957,0.117124304,0.15999171,0.27623907,0.0779122,0.17366381,0.2002534,0.1036316,0.15268934,0.15099025,-0.16308412,1.9440408
2025-02-03,0.29881966,0.06689369,0.11773066,0.16204932,0.27534842,0.07954878,0.17264205,0.19549088,0.10492924,0.15398388,0.15137923,-0.16328989,1.9421058
2025-02-04,0.30442542,0.0678967,0.11725621,0.1595033,0.27482045,0.0780064,0.17501044,0.20300716,0.10589637,0.14852293,0.15192166,-0.1631747,1.9494417
2025-02-05,0.29259276,0.065677315,0.118086025,0.16465586,0.2754234,0.08133722,0.16994746,0.18735129,0.103885055,0.15944237,0.15093148,-0.16336568,1.9326959
2025-02-06,0.29810825,0.066728815,0.11770885,0.16221523,0.27548605,0.07961115,0.1723452,0.19478466,0.1045388,0.15473905,0.15124272,-0.16327778,1.9407865
2025-02-07,0.27308807,0.06116089,0.11926763,0.16891822,0.27584952,0.08483246,0.16038285,0.16498566,0.10016108,0.17533596,0.14999212,-0.1630876,1.8970622
2025-02-10,0.3106773,0.06898642,0.11666764,0.15669294,0.27361843,0.07656935,0.17756781,0.21114574,0.107452095,0.14175096,0.15277526,-0.16291012,1.956814
2025-02-11,0.30739915,0.06841578,0.11717239,0.15867668,0.27366048,0.077805854,0.17623907,0.20609419,0.107430965,0.14478905,0.1526367,-0.16313443,1.9534549
2025-02-12,0.3147272,0.06967228,0.11636032,0.15530132,0.27189097,0.07622658,0.17920025,0.21565641,0.10936371,0.1364428,0.15371361,-0.16271573,1.961271
2025-02-13,0.31643635,0.06991975,0.11566855,0.15340535,0.27238914,0.07490553,0.17983608,0.21957672,0.10817067,0.13527313,0.15340716,-0.16245429,1.9614426
2025-02-14,0.31224135,0.06917174,0.11628798,0.15551211,0.27354053,0.07584441,0.17822017,0.21389964,0.10709076,0.1402324,0.15279171,-0.1627152,1.957548
2025-02-18,0.31633633,0.06988512,0.115711704,0.15352547,0.27231348,0.075002834,0.17981811,0.21933238,0.108217776,0.13530451,0.15343593,-0.16244778,1.9613315
2025-02-19,0.31877157,0.07029824,0.115404755,0.15254349,0.27115536,0.07477015,0.18076031,0.22223493,0.10930299,0.13194951,0.15399365,-0.16232121,1.9635061
2025-02-20,0.31592816,0.06979489,0.115868315,0.15388979,0.27229983,0.07524053,0.17969087,0.21854569,0.10833374,0.13566492,0.15346795,-0.16249996,1.9612246
2025-02-21,0.32015318,0.07051384,0.11466457,0.15086974,0.27135694,0.073672846,0.18120643,0.22556098,0.10828548,0.13080382,0.15373263,-0.16204077,1.9628613
2025-02-24,0.31892818,0.07032112,0.11486371,0.1514195,0.27198622,0.07380706,0.18074161,0.22403431,0.10779418,0.13254578,0.15345259,-0.16213195,1.9620262
2025-02-25,0.32012933,0.070508905,0.114787176,0.15113807,0.2711421,0.07389875,0.18121473,0.22514205,0.10865033,0.13064261,0.15386336,-0.16208728,1.9632046
2025-02-26,0.31664485,0.06992683,0.11541133,0.15287328,0.27261627,0.07449147,0.17989816,0.2205139,0.10756161,0.1352841,0.15321958,-0.16235551,1.9607968
2025-02-27,0.31132704,0.0690379,0.116533056,0.15622303,0.27355534,0.07629605,0.17786239,0.21227364,0.107307665,0.14108378,0.15280537,-0.1628381,1.9571432
2025-02-28,0.3137585,0.06947091,0.116299495,0.15522993,0.27276853,0.07592139,0.17882915,0.21522161,0.10821394,0.13812795,0.1532566,-0.16270146,1.9597994
2025-03-03,0.3140331,0.06953363,0.11599372,0.15459433,0.2731493,0.07537864,0.17888649,0.21636525,0.10751028,0.13823962,0.15299821,-0.16260397,1.9592866
2025-03-04,0.31813723,0.07020128,0.11484124,0.15152428,0.27254683,0.073683225,0.1804049,0.22341909,0.10713989,0.13380657,0.15314656,-0.1621407,1.9609917
2025-03-05,0.31769624,0.070152916,0.115256965,0.15244952,0.27216798,0.0743652,0.18027537,0.22175972,0.1080439,0.13391162,0.15342908,-0.16229926,1.9618076
2025-03-06,0.31820607,0.07032454,0.11465852,0.15123564,0.27297494,0.07346431,0.18034905,0.22409502,0.106580794,0.13417003,0.15293461,-0.1620636,1.9610572
2025-03-07,0.32430035,0.07151935,0.11312573,0.14764985,0.27078655,0.07227194,0.18244107,0.23331127,0.107561044,0.12634844,0.15380323,-0.1613423,1.9644611
2025-03-10,0.32371578,0.071274824,0.11346023,0.14831159,0.27041548,0.072568476,0.18233432,0.2316624,0.108215064,0.12656309,0.15397124,-0.16153827,1.9640306
2025-03-11,0.325899,0.07165278,0.112829104,0.14689785,0.26943296,0.07215677,0.18305895,0.23504627,0.1085877,0.12349188,0.15433861,-0.16120109,1.964593
2025-03-12,0.32546037,0.07159745,0.11294623,0.14717144,0.26969084,0.072221234,0.18290019,0.23441148,0.10847363,0.124173805,0.15424259,-0.16127527,1.9645646
2025-03-13,0.32579333,0.071750395,0.11268024,0.14671722,0.269928,0.07201272,0.18293504,0.23549294,0.107958324,0.12407564,0.15410256,-0.16112207,1.9645685
2025-03-14,0.3268361,0.071939565,0.11235429,0.14602996,0.26940808,0.07183428,0.18326403,0.23710905,0.10817179,0.12254513,0.15429029,-0.1609537,1.9647365
2025-03-17,0.33007145,0.0722794,0.11105122,0.14355531,0.26703298,0.07119182,0.18423583,0.24242559,0.10871718,0.11707292,0.15508689,-0.16036335,1.9630839
2025-03-18,0.33083284,0.07208073,0.111401424,0.1432982,0.26648903,0.07094617,0.18439965,0.24281764,0.10953183,0.116226524,0.15590283,-0.16010207,1.9640291
2025-03-19,0.33089647,0.072098985,0.11125751,0.14334291,0.26601207,0.0711258,0.18453021,0.24272014,0.10982831,0.11551375,0.15585071,-0.16023572,1.9634126
2025-03-20,0.32939354,0.071917035,0.11171964,0.14490512,0.26597416,0.07189207,0.18426858,0.23944195,0.11050981,0.11671048,0.15551761,-0.16085066,1.9631006
2025-03-21,0.3322662,0.07165418,0.111704275,0.14283738,0.26434264,0.0707971,0.1848602,0.24328588,0.11160189,0.113203295,0.1574007,-0.15981787,1.9637716
2025-03-24,0.32908934,0.071887136,0.11204909,0.14544024,0.26608703,0.07219395,0.18421583,0.23850143,0.11088057,0.117123514,0.15559469,-0.16097979,1.9640425
2025-03-25,0.32860932,0.07183175,0.11217745,0.14571497,0.26646814,0.07219893,0.18404542,0.23784655,0.11066423,0.1179877,0.15544137,-0.16103612,1.9640219
2025-03-26,0.32738405,0.07166188,0.11250733,0.14624774,0.26760796,0.07213807,0.18363547,0.23639975,0.1099302,0.12026303,0.15501466,-0.1611476,1.9639376
2025-03-27,0.32895195,0.071819894,0.111934975,0.14512089,0.2664634,0.071909465,0.18417805,0.23889871,0.11024621,0.11755791,0.15538979,-0.16090535,1.9633766
2025-03-28,0.3258342,0.07144633,0.11314201,0.14750667,0.26844764,0.07259512,0.1831562,0.2337292,0.10983721,0.122617215,0.15479161,-0.16142567,1.9645292
2025-03-31,0.3281986,0.07197757,0.11196129,0.14525309,0.2679669,0.07171731,0.1837828,0.23874144,0.10898921,0.11980075,0.15478995,-0.16083655,1.9640154
2025-04-01,0.327376,0.07171318,0.11241059,0.14609331,0.26786897,0.07201441,0.18359911,0.23673263,0.10956204,0.120531365,0.1548779,-0.16108301,1.9638624
2025-04-02,0.32832146,0.0718707,0.111990646,0.1453132,0.2673862,0.07179381,0.18388139,0.23848653,0.109494805,0.11912052,0.15500174,-0.16089784,1.9635588
2025-04-03,0.3274929,0.07184365,0.11225219,0.14583227,0.26823074,0.071869835,0.18357117,0.23739965,0.1090787,0.120775476,0.15471053,-0.16097867,1.9640357
2025-04-04,0.33172256,0.07155903,0.11277369,0.14252162,0.2678769,0.069634855,0.18386997,0.24393089,0.10945457,0.11845026,0.15779096,-0.1587347,1.96832
2025-04-07,0.3306393,0.07176771,0.112476006,0.14279878,0.2690981,0.06976138,0.18352334,0.24353303,0.10806839,0.12029372,0.1567832,-0.15897697,1.96772
2025-04-08,0.33048874,0.07204832,0.11199975,0.14310205,0.26859498,0.07022984,0.18375851,0.24320269,0.10827295,0.11938566,0.15612486,-0.15947044,1.9666787
2025-04-09,0.3284377,0.07244407,0.11099878,0.14374375,0.26964578,0.070941806,0.18338428,0.24210204,0.106239505,0.12114671,0.1540226,-0.16026038,1.9633675
2025-04-10,0.32930785,0.072039366,0.11189897,0.14316463,0.27011576,0.070011914,0.1831342,0.24291235,0.106573746,0.12200115,0.15547583,-0.15934083,1.9659766
2025-04-11,0.32795882,0.07229971,0.1112486,0.14363328,0.27075762,0.07060399,0.18299262,0.24216111,0.105282776,0.1229586,0.15403754,-0.15993623,1.9638708
2025-04-14,0.32849193,0.07225686,0.111421615,0.14350477,0.27040637,0.070449114,0.18309571,0.24241073,0.10585863,0.122397415,0.15449642,-0.15979096,1.9645807
2025-04-15,0.32788104,0.07239883,0.11100884,0.14374083,0.27043092,0.07079511,0.18307011,0.24199782,0.105397925,0.12248701,0.15378167,-0.16014954,1.9631398
2025-04-16,0.32783088,0.07245125,0.110906005,0.14385734,0.27020323,0.07095089,0.18313983,0.24180138,0.10555662,0.12216011,0.15364718,-0.1603052,1.9628098
2025-04-17,0.32812,0.07245329,0.11092292,0.14377916,0.2699374,0.07094011,0.18325227,0.24198934,0.1058435,0.121669136,0.15380818,-0.16028005,1.9629955
2025-04-21,0.32800928,0.072433434,0.11095823,0.14375679,0.27018732,0.070847236,0.18314816,0.2420016,0.10562944,0.1220946,0.15379791,-0.16020808,1.9630722
2025-04-22,0.3281572,0.072457686,0.110924706,0.14378795,0.26987803,0.07097376,0.18329266,0.24199142,0.10590867,0.12154363,0.15381385,-0.16030166,1.9630312
2025-04-23,0.32797348,0.07236479,0.11135213,0.14451358,0.2694947,0.071244545,0.18335246,0.24049954,0.106951445,0.121475965,0.15404102,-0.16054142,1.9638051
2025-04-24,0.32725745,0.072238244,0.11168234,0.145088,0.2699309,0.071393356,0.18315654,0.2392255,0.10691206,0.12261404,0.15392378,-0.1606672,1.9640893
2025-04-25,0.32689914,0.072169915,0.11185697,0.14541689,0.27007216,0.07148399,0.18305957,0.23848894,0.10699192,0.123122975,0.15388909,-0.16074389,1.9641953
2025-04-28,0.3272001,0.07219685,0.11180125,0.14524415,0.2698735,0.071464196,0.1831805,0.23889191,0.107118115,0.1226174,0.15397945,-0.16071141,1.9642788
2025-04-29,0.31900662,0.07042341,0.11461437,0.15113783,0.27211,0.07353421,0.1806644,0.22450209,0.10751918,0.13264313,0.1532861,-0.1620953,1.9615366
2025-04-30,0.3144909,0.069624394,0.11559941,0.15376055,0.27352569,0.07472156,0.17900296,0.21790943,0.10672264,0.13816303,0.15272182,-0.16247553,1.9587181
2025-05-01,0.31440702,0.06961121,0.11569381,0.15390624,0.27352482,0.07483362,0.17899296,0.21764125,0.10685086,0.13822454,0.15276,-0.16249874,1.958945
2025-05-02,0.3124844,0.06923264,0.11575185,0.15437843,0.27441564,0.07485731,0.1782344,0.21578692,0.10562995,0.14079902,0.15224704,-0.16253555,1.9563532
2025-05-05,0.30985022,0.0687558,0.11618836,0.1558199,0.27493238,0.07560909,0.17721952,0.212028,0.10521466,0.14368218,0.15196848,-0.16273266,1.9540012
2025-05-06,0.30888677,0.0685219,0.11603509,0.15563497,0.27567843,0.07528975,0.17683372,0.2117381,0.10400326,0.14519155,0.151526,-0.16267803,1.9520175
2025-05-07,0.30946878,0.06863666,0.11611061,0.15563989,0.27533346,0.0754046,0.17708762,0.21207446,0.104556695,0.14435431,0.15174946,-0.16268468,1.9531014
2025-05-08,0.30395764,0.06767555,0.11697425,0.1588241,0.27577302,0.077316806,0.17489332,0.20382369,0.10422909,0.14976233,0.15138371,-0.16302705,1.9476405
2025-05-09,0.304102,0.06770331,0.117131606,0.15910035,0.27541056,0.077616304,0.17497492,0.20347531,0.10480647,0.14929484,0.15160942,-0.16307369,1.9482988
2025-05-12,0.29644582,0.066238716,0.117684826,0.16225606,0.27635476,0.079482295,0.17178848,0.19371203,0.10294549,0.15690282,0.15074682,-0.16317159,1.9377296
2025-05-13,0.30844164,0.068400025,0.1162567,0.15616891,0.2754379,0.075707145,0.17671955,0.21064909,0.10431461,0.1453794,0.15165353,-0.16271526,1.9518437
2025-05-14,0.31164753,0.0689614,0.11573546,0.15432172,0.2749951,0.07469609,0.17797579,0.21538329,0.10466049,0.14201224,0.15193886,-0.16247585,1.9548037
2025-05-15,0.31162244,0.0690499,0.11554414,0.15388848,0.27583045,0.07438472,0.1779203,0.2163729,0.10357678,0.1427938,0.15158677,-0.16231501,1.9548856
2025-05-16,0.31271383,0.06933325,0.115284994,0.15323928,0.27583143,0.07406999,0.17827925,0.21820676,0.10347912,0.14182107,0.15161131,-0.16218907,1.9560595
2025-05-19,0.30957133,0.0685918,0.11575766,0.15472779,0.27625662,0.074719466,0.17714436,0.2137617,0.10296471,0.14502692,0.15129098,-0.16244137,1.9522549
2025-05-20,0.30800352,0.06835456,0.11581083,0.15520492,0.2769821,0.074876785,0.17648636,0.21221663,0.10205012,0.14711973,0.15089537,-0.16246001,1.9504608
2025-05-21,0.30593675,0.067896284,0.11600034,0.1560544,0.27728087,0.075258635,0.1756962,0.20952742,0.101524524,0.1492368,0.15062934,-0.16256213,1.9476035
2025-05-22,0.308451,0.06844207,0.11580196,0.15505661,0.2768632,0.0748246,0.17666695,0.21271227,0.1022651,0.14660075,0.150989,-0.16246024,1.9511336
2025-05-23,0.30545044,0.06784071,0.11595781,0.15612257,0.2776258,0.07525505,0.17547683,0.20924008,0.10103612,0.1499975,0.15044078,-0.16251993,1.9469635
2025-05-27,0.30375004,0.06750309,0.11600797,0.15659288,0.27829307,0.07544267,0.17481159,0.20759095,0.10000293,0.15210375,0.15004747,-0.16247448,1.9446208
2025-05-28,0.3005427,0.06687134,0.11607389,0.15760519,0.2790748,0.07587676,0.1734956,0.20404947,0.09859363,0.15566778,0.14944474,-0.16244812,1.939744
2025-05-29,0.304886,0.06780314,0.11587115,0.15609396,0.278283,0.07519357,0.17522071,0.20920025,0.10015184,0.15110555,0.15012854,-0.1624045,1.9463422
2025-05-30,0.25514174,0.058122743,0.11575271,0.17238733,0.2794608,0.086514235,0.15324487,0.14983886,0.08721115,0.19464327,0.14472653,-0.1610851,1.8581293
2025-06-02,0.27297318,0.061524853,0.11693071,0.16803443,0.2796189,0.082911685,0.16153589,0.16908021,0.092937596,0.17998052,0.14687628,-0.16214249,1.8945467
2025-06-03,0.27306366,0.061563075,0.11696909,0.1681011,0.27951205,0.08298454,0.16155848,0.16902888,0.093152076,0.17981112,0.14694928,-0.16218475,1.8948781
2025-06-04,0.2559973,0.05824172,0.116075605,0.17266107,0.27860934,0.087010846,0.15357278,0.14973468,0.08850201,0.19320537,0.14534861,-0.16122782,1.8601872
2025-06-05,0.2688074,0.060751885,0.11679129,0.16932026,0.27936998,0.08398528,0.1595833,0.16413882,0.092013955,0.18326353,0.14652577,-0.16199237,1.8865438
2025-06-06,0.2767939,0.062363975,0.11735265,0.16767228,0.2787429,0.08281169,0.16318648,0.17222297,0.0954669,0.17595382,0.14779685,-0.1625439,1.9029083
2025-06-09,0.2726272,0.0615533,0.117378,0.16920877,0.27824068,0.08414437,0.16126648,0.16689551,0.09494214,0.17898063,0.1476376,-0.16247487,1.8953494
2025-06-10,0.27950805,0.062901676,0.11749448,0.16706166,0.27845365,0.082409635,0.16440696,0.17501828,0.096596226,0.17339124,0.1482265,-0.16267416,1.9081426
2025-06-11,0.26704854,0.06045363,0.11733268,0.17115417,0.2774212,0.085937925,0.15865226,0.15985967,0.09424339,0.18284443,0.14746651,-0.16233486,1.8847492
2025-06-12,0.27066928,0.061074138,0.117881045,0.17044987,0.2769161,0.085534975,0.16024627,0.16320577,0.096324496,0.1791982,0.14831324,-0.1626454,1.8924587
2025-06-13,0.271923,0.061403476,0.117753625,0.1702716,0.27694792,0.08532956,0.1608985,0.16463281,0.096472144,0.17829631,0.1483085,-0.16268516,1.8949226
2025-06-16,0.23605107,0.05162381,0.11942513,0.17100194,0.2773553,0.08838635,0.14145277,0.13002093,0.08807289,0.20467302,0.14773078,-0.1615462,1.8173404
2025-06-17,0.24151783,0.05314942,0.119361445,0.17103222,0.277295,0.087913886,0.14434458,0.13486321,0.08973818,0.20069923,0.14785309,-0.16164862,1.8294168
2025-06-18,0.2595343,0.057303607,0.12021148,0.1695314,0.2764617,0.086031675,0.15341826,0.15161377,0.09652546,0.18581635,0.14960378,-0.16244331,1.8684951
2025-06-20,0.25429285,0.055695247,0.1205734,0.16924927,0.27629367,0.08634316,0.15039429,0.14684622,0.095577024,0.18922272,0.14982276,-0.16254869,1.8568591
2025-06-23,0.2796846,0.061689578,0.12042576,0.16651925,0.2742604,0.08372305,0.16312571,0.17183615,0.103927195,0.16749214,0.15198909,-0.16335416,1.908027
2025-06-24,0.28631192,0.06431919,0.11842139,0.16720624,0.27498245,0.08338213,0.16725843,0.17917532,0.10297829,0.16431382,0.15072146,-0.16339397,1.9224645
2025-06-25,0.27744806,0.062601,0.11809629,0.16925612,0.2759816,0.08467972,0.16319573,0.16985852,0.09951992,0.17277043,0.14938432,-0.16310358,1.9058952
2025-06-26,0.26516384,0.059681535,0.11848806,0.17056486,0.27684572,0.08588622,0.15689214,0.15721825,0.09613635,0.18310021,0.14843938,-0.16246524,1.8808818
2025-06-27,0.27188134,0.061266065,0.11833735,0.16987294,0.27638862,0.08522226,0.16033481,0.16406228,0.098050654,0.17746785,0.14897788,-0.16284367,1.8947057
