Date,ret_JPM,price_JPM,logret_JPM,rollret_14_JPM,rollret_21_JPM,rollret_69_JPM,sma_14_JPM,sma_21_JPM,sma_69_JPM,ema_14_JPM,ema_21_JPM,ema_69_JPM,momentum_14_JPM,momentum_21_JPM,momentum_69_JPM,macd_JPM,pricevshigh_14_JPM,pricevshigh_21_JPM,pricevshigh_69_JPM,vol_14_JPM,vol_21_JPM,vol_69_JPM,atr_14_JPM,atr_21_JPM,atr_69_JPM,range_JPM,volchange_14_JPM,volchange_21_JPM,volchange_69_JPM,volptile_14_JPM,volptile_21_JPM,volptile_69_JPM,zscore_14_JPM,zscore_21_JPM,zscore_69_JPM,rsi_14_JPM,rsi_21_JPM,rsi_69_JPM,cmo_14_JPM,cmo_21_JPM,cmo_69_JPM,williams_14_JPM,williams_21_JPM,williams_69_JPM,stoch_14_JPM,stoch_21_JPM,stoch_69_JPM,ptile_rank_14_JPM,ptile_rank_21_JPM,ptile_rank_69_JPM
2017-02-01,0.0037811730973111857,67.42428588867188,0.0037740424315172725,-0.02446004093157983,-0.010081836441148129,0.24718979818876385,67.52917044503349,67.90730721609933,63.98898752184882,67.74373671224842,67.62972233725394,64.19738986775083,-0.02446004093157983,-0.010081836441148129,0.24718979818876385,0.3125984324771167,0.9772232085737503,0.9755399590670087,0.9755399590670087,0.01343680594937663,0.011522486792546296,0.01310538087324058,1.165596516952736,1.1051319808360178,1.0928386907931738,0.016715694172518673,-0.011276294830936617,-0.0015198278202424031,1.015243622681794e-05,0.9285714285714286,0.9523809523809523,1.0,-0.09932941053552473,-0.4701373776150777,0.6683990605853013,40.92077227561789,47.036023478035375,67.51303059835152,-18.158455436262162,-5.927953026824013,35.02606122103114,0.5454559898547268,0.5634928909644261,0.10816008653362519,37.35396063680501,37.35396063680501,84.59485662138529,0.5714285714285714,0.38095238095238093,0.6521739130434783
2017-02-02,-0.004237654450906403,67.13856506347656,-0.004246658755620523,-0.019132410090245577,-0.024899237580797706,0.2350524729719563,67.43562916346959,67.82566978817894,64.17417106075564,67.66304715907884,67.58507167600145,64.2814234447843,-0.019132410090245577,-0.024899237580797706,0.2350524729719563,0.2407092268796589,0.9730820742944088,0.9714059578174314,0.9714059578174314,0.013266902843943586,0.011249606289626346,0.013133507221237102,1.1395169647203685,1.0680845157053458,1.0955197058826527,0.008866296636342889,-0.012644605129608744,-0.023682431391153558,0.002146167919007347,0.8571428571428571,0.9047619047619048,1.0,-0.2895835185156396,-0.6759102258517797,0.590952467523577,42.666735015889,42.29666947433945,66.7517526868375,-14.666529954678118,-15.406661035218127,33.50350539774071,0.6446273988267605,0.6587290486591052,0.12644026579153309,30.350313432130303,30.350313432130303,82.8726058540904,0.42857142857142855,0.2857142857142857,0.5942028985507246
2017-02-03,0.030618116892458636,69.19422149658203,0.030158735733277642,0.005536121103051128,0.0031065092356905577,0.2741626836607005,67.4628404889788,67.83587392171223,64.38994758716528,67.8672037374126,67.73135802332695,64.42178910342774,0.005536121103051128,0.0031065092356905577,0.2741626836607005,0.3456266390737852,0.9999999999985547,0.9999999999985547,0.9999999999985547,0.015730991984643002,0.01321223074817144,0.013532088394929845,1.1763661225087898,1.1414061449034048,1.1205153964964962,0.016517490329994243,0.18573205590514186,0.1744616129681711,0.030348418512933906,1.0,1.0,1.0,1.6191459072826082,1.3191450015142148,0.9795580806796039,51.79366445977111,50.82063007164206,68.54642163952704,3.587328933164584,1.6412601596198038,37.09284330252848,0.0,0.0,0.0,96.96267805747048,80.73898363721308,95.26356778971568,1.0,1.0,1.0
2017-02-06,-0.00470261345123868,68.86882781982422,-0.0047137055260298415,0.03854003425990471,0.007665121325815427,0.2621169109844941,67.64539119175502,67.86082022530692,64.59723315031633,68.00075361506748,67.83476436846307,64.54884735248581,0.03854003425990471,0.007665121325815427,0.2621169109844941,0.3979307953355118,0.9952973865473229,0.9952973865473229,0.9952973865473229,0.011817187885180724,0.013087381014995715,0.013568079818836112,1.0300985798573095,1.103233199425667,1.1201109778053435,0.009680723411167016,-0.24879575956068345,-0.00944955742564546,0.0026597094887255146,0.42857142857142855,0.9523809523809523,1.0,1.1369465204243367,0.961072386050664,0.8928927236446741,65.13183927049616,52.054941277533224,67.78784058093075,30.263678562229376,4.1098825721862315,35.57568118504139,0.10566398604347223,0.10566398604347223,0.020713214496495755,84.61546051041124,72.76286739477311,93.3021793991916,0.8571428571428571,0.8571428571428571,0.9420289855072463
2017-02-07,-0.0005762855504872766,68.82913970947266,-0.0005764516668284907,0.03311909202146279,0.006967176473043901,0.25956716699437155,67.80299704415458,67.88349769228981,64.80279933542445,68.1112050943215,67.92516212673667,64.67114141984527,0.03311909202146279,0.006967176473043901,0.25956716699437155,0.4312090081582909,0.994723811045018,0.994723811045018,0.994723811045018,0.011835472906397328,0.013089125075782394,0.013574698940261887,1.0142243517035163,1.1123039109885169,1.1230290893504624,0.010608834824651112,0.0015473242360422024,0.0001332627807413278,0.00048784511251076523,0.42857142857142855,0.9523809523809523,1.0,0.9533619536070231,0.8879005717827576,0.8653185662479691,63.49537286548355,51.863408171605826,67.65753871059124,26.9907457523847,3.7268163602289537,35.31507744434091,0.11855177163311215,0.11855177163311215,0.023239595312692027,83.14078154778191,71.79002433045488,93.06294979995347,0.7142857142857143,0.7619047619047619,0.8985507246376812
2017-02-08,-0.00876388186406074,68.2259292602539,-0.008802510533725218,0.031932702707786476,-0.0025525927806407944,0.25069671114298675,67.95379856654576,67.87518346877326,65.00099629941194,68.12650164977916,67.95250459342006,64.7727067867278,0.031932702707786476,-0.0025525927806407944,0.25069671114298675,0.4042482671768113,0.9860061690776512,0.9860061690776512,0.9860061690776512,0.011913342000874263,0.013240788612942403,0.013640326155755883,1.0028861359853138,1.1160834237180077,1.1262031929274499,0.01093525851584301,0.006579297261104289,0.011586988150997124,0.004834524565355158,0.42857142857142855,1.0,1.0,0.2824106185788132,0.3304343409836987,0.7168778031441222,62.764000528123546,49.34528648410272,66.81170953949288,25.528001077188065,-1.3094270162417225,33.623419101571855,0.3475712787187884,0.3144302568040638,0.06163747552256167,64.85860815658259,57.004006637787285,89.42695421476247,0.5,0.47619047619047616,0.6811594202898551
2017-02-09,0.014425258056771417,69.2101058959961,0.014322203894751964,0.04218996322955837,0.00890917889214382,0.26599025823934475,68.15392466953823,67.90428633916946,65.21174057670261,68.27098221594142,68.06683198456334,64.8994896184378,0.04218996322955837,0.00890917889214382,0.26599025823934475,0.45702817874993684,0.999999999998555,0.999999999998555,0.999999999998555,0.012341657247303713,0.013602557551685976,0.013704531690846575,1.049940962156379,1.1232645681799658,1.1365853174155156,0.01571104122163244,0.035952568674517904,0.02732231057521428,0.0047070381131317784,0.42857142857142855,1.0,1.0,1.164176553069098,1.1976789171326785,0.920130827744796,65.63352219697336,52.16420579090622,67.50343393078157,31.26704441410652,4.328411597298358,35.00686788390493,0.0,0.0,0.0,94.10351155330319,81.12834527887216,95.35931481501629,1.0,1.0,1.0
2017-02-10,-0.0022934447385644097,69.05137634277344,-0.0022960787109662303,0.039302809367836034,-0.0009182008649942786,0.26839771540750346,68.34044483729771,67.90126437232608,65.4235018854556,68.37503476618568,68.15633601712788,65.01811495343392,0.039302809367836034,-0.0009182008649942786,0.26839771540750346,0.48050947640628294,0.9977065552599941,0.9977065552599941,0.9977065552599941,0.012407728600733609,0.013518018632168538,0.013690768544342325,1.03860266888674,1.1013437382936861,1.12678476173022,0.00678165479637129,0.005353523607563249,-0.006214928273320153,-0.0010042770387727051,0.42857142857142855,0.9523809523809523,0.9855072463768116,0.901703484650012,1.0582054417026208,0.8710263881820874,64.36706436831409,49.769442441160926,67.61766705008537,28.734128756143967,-0.46111510248638277,35.23533412258781,0.07662390753936409,0.05127920733345133,0.010093860041446539,87.75507348699811,77.2375340614287,94.40253438207718,0.8571428571428571,0.9047619047619048,0.9565217391304348
2017-02-13,0.013218201195885237,69.964111328125,0.013131603054190265,0.04048625349038004,0.022147691028446825,0.29059023199726,68.53489957536969,67.97345334007626,65.65180869724439,68.58691164111092,68.32067922721853,65.15942913558543,0.04048625349038004,0.022147691028446825,0.29059023199726,0.5662413810778304,0.9999999999985707,0.9999999999985707,0.9999999999985707,0.01247735400895165,0.01361895932499751,0.013706431070080412,1.0556091211819845,1.1198625147982162,1.1358175070447405,0.014861004377944268,0.00561145480035119,0.007467121889354722,0.0011440209282158609,0.42857142857142855,1.0,1.0,1.7195251720487004,1.6985117704043096,1.0866272532487258,64.79736386265134,55.41084351807524,68.68604441156195,29.594727744704436,10.821687052686242,37.372088845522015,0.0,0.0,0.0,87.31191890272108,89.66732036142646,97.25227938163215,1.0,1.0,1.0
2017-02-14,0.015995488060633667,71.08322143554688,0.015868908261226305,0.041032015045712855,0.03298722367069007,0.3169868248592922,68.73502295357841,68.08154660179501,65.89976650735606,68.91975294703572,68.57181942797565,65.32868034417609,0.041032015045712855,0.03298722367069007,0.3169868248592922,0.7162310997905905,0.9999999999985931,0.9999999999985931,0.9999999999985931,0.012519313320833423,0.01397741948282583,0.013747236831619795,1.063545159170294,1.1017208063014254,1.1430105917701892,0.017753420960603936,0.003362837333273472,0.02632067173960695,0.002977125214488341,0.5,1.0,1.0,2.1970719285712996,2.2313815905000904,1.379672744261866,65.09846970097638,57.688205043670706,69.87832458860743,30.196939421272912,15.376410103649711,39.75664919953054,0.0,0.0,0.0,97.50447140239196,97.90106117050665,99.37590024839169,1.0,1.0,1.0
2017-02-15,0.01150067296195556,71.90072631835938,0.01143504293632222,0.04426499114540605,0.08426098044442609,0.3443220334268473,68.95272118704659,68.34762318929036,66.1666647316753,69.3172160632122,68.87444732710145,65.51645308631753,0.04426499114540605,0.08426098044442609,0.3443220334268473,0.8907962991227691,0.9999999999986092,0.9999999999986092,0.9999999999986092,0.012650893669232485,0.011076428078900266,0.013680564667579092,1.0930254548177984,1.0299099695584093,1.1499705829068088,0.016778941758528936,0.01051018893984379,-0.20754842533631013,-0.004849859274072554,0.6428571428571429,0.47619047619047616,0.9420289855072463,2.1609475634720545,2.338686317085076,1.6345830865387552,66.00011213743545,71.35941837975139,71.23483582421366,32.0002242939381,42.71883678208982,42.469671670999595,0.0,0.0,0.0,95.87012207053226,96.4284966220944,98.74152676661572,1.0,1.0,1.0
2017-02-16,-0.0006624454647050637,71.85309600830078,-0.0006626649786512835,0.04141278030337214,0.07850839950002086,0.3026746943089922,69.15681457519531,68.59669167654855,66.40862080670786,69.65533338922401,69.14523357084684,65.69750002696615,0.04141278030337214,0.07850839950002086,0.3026746943089922,1.0136128117672456,0.999337554533905,0.999337554533905,0.999337554533905,0.012690250388930643,0.011119371267275895,0.0132919381492349,1.1247730736598842,1.0325556033763694,1.1392977420403059,0.014028546223173271,0.0031109833603197856,0.0038769888694925037,-0.028407198663749522,0.6428571428571429,0.47619047619047616,0.8695652173913043,1.7179754817375354,1.9786010367217173,1.6460839443486734,65.15166103212576,70.40262175589706,70.0002467647969,30.30332208327728,40.80524353454412,40.00049355264302,0.01000182637846556,0.008231966613121438,0.002865117141419184,92.66184223317896,93.56056277310056,97.70072686615924,0.9285714285714286,0.9523809523809523,0.9855072463768116
2017-02-17,-0.003313573504323486,71.61500549316406,-0.003319075546651,0.048820129004115476,0.08319325180736614,0.29557741200782006,69.3949225289481,68.85861060732887,66.645410510077,69.91662300308269,69.3697582910575,65.86657161173329,0.048820129004115476,0.08319325180736614,0.29557741200782006,1.0792924565146365,0.996026176091326,0.996026176091326,0.996026176091326,0.01225342721625248,0.010938886823581854,0.013318911795219315,1.0811208959318463,1.0057205548707169,1.1339740389304798,0.008644561124643398,-0.03442195065427489,-0.016231533182564317,0.0020293237661481722,0.2857142857142857,0.2857142857142857,0.8695652173913043,1.3248593335887882,1.651939491102018,1.615832462539834,68.61710285735967,71.91668839089328,69.51721577398993,37.23420573576349,43.833376805508465,39.03443157080622,0.05999814157833337,0.05202125856623875,0.02028899217870678,88.34561627072794,89.65544878732778,95.97273934426913,0.8571428571428571,0.9047619047619048,0.9710144927536232
2017-02-21,0.008644338247153716,72.23406982421875,0.008607189883790868,0.07538698245122233,0.08772586892370349,0.24933159865345234,69.75662013462612,69.13602629162017,66.85433655890866,70.2256159125675,69.63015024861761,66.0485001321095,0.07538698245122233,0.08772586892370349,0.24933159865345234,1.1678352877083995,0.9999999999986156,0.9999999999986156,0.9999999999986156,0.0108982462835424,0.010988216223033444,0.012301532050603433,1.016490013402157,1.0200817792154704,1.097425188860942,0.0075816110889927405,-0.11059607314699837,0.0045095447322160975,-0.0763861012264575,0.07142857142857142,0.3333333333333333,0.37681159420289856,1.4531823769139531,1.7968052149435763,1.820949115707706,79.9252452616268,72.62660514694414,68.04964586271282,59.85049054899683,45.25321031723109,36.09929174885117,0.0,0.0,0.0,97.99714196249549,98.23678655981595,99.19254729231847,1.0,1.0,1.0
2017-02-22,0.0005493319295672983,72.27375030517578,0.000549181102016609,0.07192459441856203,0.08780325192721183,0.19457053573466454,70.10301045009068,69.41381944928851,67.02494353142338,70.49870049824862,69.87047752648652,66.22636442278701,0.07192459441856203,0.08780325192721183,0.19457053573466454,1.227063181994012,0.9999999999986163,0.9999999999986163,0.9999999999986163,0.010965987184020866,0.010987064028104558,0.011120242535196107,0.9830416379958697,1.0234834775965445,1.0617898698949226,0.009664011711015467,0.0062157615744804495,-0.00010485732219855937,-0.09602783706517104,0.14285714285714285,0.2857142857142857,0.028985507246376812,1.2866903245577779,1.6455184480494895,1.7964031674043788,79.40355508236357,72.64344995383517,65.7842327774463,58.807110190974875,45.286899931004015,31.568465579152914,0.0,0.0,0.0,96.63856983157399,96.8991509987881,98.49497416010168,1.0,1.0,1.0
2017-02-23,0.0007688113614758851,72.32931518554688,0.0007685159774078406,0.07731398663588784,0.07566088879458932,0.19486536800407928,70.47377831595284,69.65608469645183,67.19589819424394,70.74278245655506,70.09400822276473,66.40073444459776,0.07731398663588784,0.07566088879458932,0.19486536800407928,1.263915702936913,0.9999999999986174,0.9999999999986174,0.9999999999986174,0.010719423683084242,0.010851872673817715,0.01111959028808382,0.9847434445809508,1.0000505055239863,1.0603545799531342,0.008998131455472305,-0.02248438711435896,-0.012304593287253751,-5.86540365664634e-05,0.07142857142857142,0.09523809523809523,0.014492753623188406,1.196886633173576,1.5066326588689045,1.7816657405001306,82.37648280094476,70.96157471958591,65.80623143840927,64.7529656298551,41.92314946338566,31.612462901071233,0.0,0.0,0.0,96.48241650654656,97.10346192396129,98.58900479137078,1.0,1.0,1.0
2017-02-24,-0.0087783697391699,71.69438171386719,-0.008817126608263132,0.0361325001309345,0.049982614121087954,0.1423700109585575,70.65236118861607,69.81860315232049,67.32539163119552,70.86966235753002,70.23949672195586,66.55198150944886,0.0361325001309345,0.049982614121087954,0.1423700109585575,1.2277351993486434,0.9912216302594596,0.9912216302594596,0.9912216302594596,0.00853457900550046,0.010808833650253804,0.010392054288552444,0.9099087465799239,0.9981592125379131,1.0335601432881998,0.008967093348537467,-0.20382109544112625,-0.003966045756116476,-0.06542830991812987,0.07142857142857142,0.047619047619047616,0.014492753623188406,0.6786202627800629,1.0431147920530075,1.5171660641935534,68.95349494827218,64.54687945981516,62.506002660337394,37.906989925242534,29.093758942492432,25.012005344751167,0.1547340375055953,0.122320176609506,0.05651159624396322,83.08249546489232,86.06935808952522,93.21394420760008,0.6428571428571429,0.7619047619047619,0.927536231884058
2017-02-27,0.0011068277684049832,71.77373504638672,0.001106215686155314,0.04218029141083046,0.04242060728042407,0.14579605497734738,70.85985456194196,69.95768810453869,67.45775106678839,70.99020538271093,70.37897293326776,66.7011744676613,0.04218029141083046,0.04242060728042407,0.14579605497734738,1.1917275470021451,0.9923187418844744,0.9923187418844744,0.9923187418844744,0.008291425843029833,0.010723489764486527,0.010381900676704244,0.9025393100139313,0.9871989269009501,1.0219368160687394,0.00785145097279786,-0.0284903522849711,-0.007895753466912958,-0.0009770553122864234,0.07142857142857142,0.047619047619047616,0.014492753623188406,0.6213240056213546,0.9910467888747372,1.5032514544185178,72.87518712991638,62.994489686197696,62.796777912293095,45.750374291248825,25.98897939570605,25.593555848799735,0.13539553657920927,0.10703272669343247,0.049448835044599335,84.75720382030609,87.44838904266226,93.88571375329472,0.6428571428571429,0.7619047619047619,0.927536231884058
2017-02-28,0.002100977228127965,71.92453002929688,0.002098773261920082,0.04497209078727171,0.04244811916205116,0.17727917817044592,71.08095387050084,70.09715198335194,67.61471729002137,71.11478200225572,70.51947812381586,66.85041319800756,0.04497209078727171,0.04244811916205116,0.17727917817044592,1.1619647120681975,0.9944035809642184,0.9944035809642184,0.9944035809642184,0.0082335877953837,0.01072349623271249,0.00985532736798225,0.9201142389868379,1.0068521728571227,1.0077153601521702,0.01357319928991364,-0.00697564553324137,6.031829289376844e-07,-0.05072031847728642,0.07142857142857142,0.09523809523809523,0.014492753623188406,0.615116418710036,0.9789274185119948,1.5318074931170644,73.95598255839214,63.020672913172554,65.79380765954211,47.911965148095014,26.04134584964858,31.587615345472564,0.09864662101243499,0.07798201545497525,0.03682954638107659,87.9396488395113,90.06895887140499,95.02600707853982,0.7857142857142857,0.8571428571428571,0.9565217391304348
2017-03-01,0.03288441686117283,74.28972625732422,0.03235529313299881,0.0888781884368246,0.08799210082200792,0.2063304049418735,71.51408222743443,70.38325827462333,67.79886936795884,71.53810790293153,70.8622279541348,67.06296499972143,0.0888781884368246,0.08799210082200792,0.2063304049418735,1.3140811107281962,0.9999999999986539,0.9999999999986539,0.9999999999986539,0.010731774455517679,0.012265798691507481,0.01049700980037498,1.0340654345726992,1.0729944227891894,1.0342389247744856,0.014636781719168209,0.30341410357397636,0.14382459091001776,0.06511020978130189,0.35714285714285715,0.6190476190476191,0.057971014492753624,2.044157855376457,1.9262796574379861,2.294593932306113,86.8729053397072,73.29240236394686,67.56810324560246,73.74581070810004,46.58480475139998,35.13620651689172,0.0,0.0,0.0,95.26177210492239,96.15768344449235,97.77973573995828,1.0,1.0,1.0
2017-03-02,-0.0155979535606523,73.1309585571289,-0.01572088159768184,0.05665144721819648,0.08873944162216296,0.19225131628528214,71.79414313180106,70.66709899902344,67.96977394214575,71.75048799015785,71.06847619077062,67.23633624423393,0.05665144721819648,0.08873944162216296,0.19225131628528214,1.3258480326174151,0.9844020464380226,0.9844020464380226,0.9844020464380226,0.011889007636503697,0.012210455253113548,0.010698290659127781,1.0635453076710937,1.0665690762709497,1.0460269111228677,0.020512257457841777,0.10783241725612625,-0.004512012612130301,0.019175066288459774,0.5714285714285714,0.5714285714285714,0.07246376811594203,1.0730514333244374,1.2493111989655112,1.8507797323910993,73.34631374205082,73.02302964823429,65.90234052943924,46.692627508002666,46.046059319805195,31.80468108332104,0.22120853304481145,0.16203909669607627,0.091365232942064,74.04822100953996,81.26295136380776,89.24954081275122,0.9285714285714286,0.9523809523809523,0.9855072463768116
2017-03-03,0.007162648359420043,73.65476989746094,0.007137118429113356,0.06666620998017603,0.09240711898790543,0.19556004241268843,72.12295695713588,70.96378871372768,68.14438048652981,72.00439224446492,71.30359380046974,67.41972006291311,0.06666620998017603,0.09240711898790543,0.19556004241268843,1.361743271701073,0.9914529721409516,0.9914529721409516,0.9914529721409516,0.011771451514178338,0.012227950143846414,0.010710317597714167,1.0850882489480287,1.047671559623881,1.0471179085079019,0.01045259901727383,-0.009887799379017848,0.0014327795622857131,0.0011241925434251065,0.5714285714285714,0.5714285714285714,0.08695652173913043,1.4453454257642973,1.3956660091262956,1.9954759854536583,76.26836767948416,73.57386327039713,66.13563967758213,52.536735382740545,47.1477265638211,32.271279379524564,0.14678984843575726,0.08879066526995265,0.050920017179935086,81.98459408456121,87.98360696000606,92.9119649276879,0.9285714285714286,0.9523809523809523,0.9855072463768116
2017-03-06,-0.009482624855527422,72.95632934570312,-0.009527871205895107,0.04276789858081531,0.08665309240264696,0.1769844522258841,72.33668681553432,71.24082510811942,68.3033735855766,72.13131719129669,71.45384248640005,67.5779088995773,0.04276789858081531,0.08665309240264696,0.1769844522258841,1.3186318250115647,0.9820513955442414,0.9820513955442414,0.9820513955442414,0.012065317160778629,0.012462120738423113,0.010800122952228788,1.0828209464014518,1.0820651692522718,1.0575209758375796,0.013272424336422842,0.02496426598252044,0.01915043746678524,0.008384938513288143,0.7142857142857143,0.6190476190476191,0.10144927536231885,0.7066304786698324,0.9737332727668305,1.7124688420551455,67.50256158323774,71.34562542149092,64.56808297322912,35.00512318817738,42.69125086465727,29.13616597004562,0.4158412307767611,0.21989471485330514,0.10693111832447504,64.90628207849703,76.07432382378175,87.52923716685567,0.7857142857142857,0.8571428571428571,0.9565217391304348
2017-03-07,-0.005548530451976563,72.55152893066406,-0.005563980724440081,0.02065617547241505,0.04852005502002599,0.16555604848270455,72.44156592232841,71.40069689069476,68.45272500964178,72.18734542321234,71.55363216315132,67.7200123290483,0.02065617547241505,0.04852005502002599,0.16555604848270455,1.2375361362344819,0.9766024534706581,0.9766024534706581,0.9766024534706581,0.011655899130405208,0.011020937702143949,0.01084020324973373,1.0425693590710077,1.0125229640095708,1.0522000872912687,0.009626925042795095,-0.033933466059585915,-0.11564508694220232,0.0037110964090154575,0.5714285714285714,0.38095238095238093,0.11594202898550725,0.13747583932249363,0.6696430424729963,1.5397856554561238,59.3718164624066,64.01602234056767,63.6323898878178,18.74363294579538,28.032044703350525,27.26477979879622,0.64986123033331,0.286651635513407,0.13939389118759304,44.491877278591815,70.15071667311659,84.31895061230345,0.7142857142857143,0.8095238095238095,0.9420289855072463
2017-03-08,-0.0021873975363937426,72.39282989501953,-0.0021897933848043956,0.006844208700774956,0.05116976993444511,0.16344936307259306,72.47671617780414,71.5685065133231,68.60011982572252,72.21474335278664,71.62992286604843,67.85352140237215,0.006844208700774956,0.05116976993444511,0.16344936307259306,1.1472368998906717,0.9744662356699003,0.9744662356699003,0.9744662356699003,0.01132401904801143,0.010954312984435052,0.010848904659293127,1.0556083889012047,1.0469165089210062,1.061119336435863,0.019186492901692154,-0.028473142970845355,-0.006045285756032914,0.0008026980084170354,0.5714285714285714,0.2857142857142857,0.13043478260869565,-0.10686835752297345,0.5061265864267075,1.462924716171279,53.42937561894822,64.91959083006826,63.40591179449913,6.858751258651836,29.839181682971304,26.81182361199525,0.7091941662289298,0.31282319694902044,0.15212068334571655,36.902809486410504,67.82840990804844,83.09894788467959,0.6428571428571429,0.7619047619047619,0.927536231884058
2017-03-09,0.003946705719545918,72.67854309082031,0.003938937907997238,0.011487982124307905,0.055926943117347694,0.175646872092468,72.53567668369838,71.75181143624442,68.75748935644178,72.2765833178578,71.72525197739134,67.99137916490966,0.011487982124307905,0.055926943117347694,0.175646872092468,1.0862076460112036,0.978312167135723,0.978312167135723,0.978312167135723,0.011353141515020213,0.010936578956207706,0.010798080891933902,1.0397341539156824,1.0495621381844802,1.0627834365629247,0.0108113778209845,0.0025717430256264606,-0.0016189083014648276,-0.00468469112369696,0.6428571428571429,0.23809523809523808,0.10144927536231885,0.18669046598713301,0.6105707631772282,1.5665687057856823,55.5676315345975,65.96466912953898,64.35735611508913,11.135263090033755,31.9293382817935,28.714712253588495,0.6023743442802222,0.26570532741379194,0.13430885611806734,45.102795168923905,72.0093659219438,84.95767201473993,0.7142857142857143,0.8095238095238095,0.9420289855072463
2017-03-10,-0.0031668710520398324,72.44837951660156,-0.00317189620030561,0.011636863220195526,0.06188923041620642,0.16301441913388448,72.5952033996582,71.95288049607049,68.90465976880944,72.2994894776903,71.79099084459227,68.11872203211021,0.011636863220195526,0.06188923041620642,0.16301441913388448,1.007653641797475,0.9752139786537625,0.9752139786537625,0.9752139786537625,0.011349044718177026,0.01071034351948264,0.010799260895419044,1.0754516583123401,1.054097569755401,1.0700836222207684,0.016104308067042914,-0.00036085138529873273,-0.020686124759027313,0.00010927900031054705,0.6428571428571429,0.047619047619047616,0.11594202898550725,-0.20416094326227366,0.38412262465173785,1.4678207725099666,55.6271159792047,68.07097717133732,63.513843203713904,11.254231979291365,36.141954366836664,27.02768643068437,0.709480652691689,0.3515127417457776,0.16725143118741578,38.49708692384221,66.3343702339745,81.65600032239661,0.5714285714285714,0.7142857142857143,0.9130434782608695
2017-03-13,0.0008761626267355105,72.51185607910156,0.0008757790203126548,0.003845640368302705,0.04770618597328968,0.14588405106560276,72.61504527500698,72.110106695266,69.03845082158628,72.32780502454514,71.85652404772948,68.24424014774748,0.003845640368302705,0.04770618597328968,0.14588405106560276,0.939688906823207,0.976068424694929,0.976068424694929,0.976068424694929,0.011128296200669368,0.010385644729988918,0.010671826417951858,1.0714843336407054,1.0344440268716877,1.0614434507367514,0.00930383612567105,-0.019450845686958984,-0.03031637490460315,-0.01180029621483103,0.5,0.047619047619047616,0.07246376811594203,-0.14488266187594587,0.35544730972356153,1.4761483353199345,52.02781576277603,65.33948281443924,62.59475716377977,4.055631546761557,30.678965654092305,25.189514351060858,0.6850227969293082,0.33939507806652114,0.17993350238103595,40.31886803624872,63.046383255561416,80.97837147681466,0.5714285714285714,0.7142857142857143,0.9130434782608695
2017-03-14,0.001642103331616962,72.63092803955078,0.0016407565541047562,0.00494201190427801,0.051838962325795324,0.12503196690662932,72.64055797031948,72.28056153796967,69.15543542392012,72.36822142654589,71.92692441062232,68.36957408752197,0.00494201190427801,0.051838962325795324,0.12503196690662932,0.8852300952772225,0.9776712299070066,0.9776712299070066,0.9776712299070066,0.011133776392994803,0.010334514990259074,0.010438319150357313,1.0714843418262308,1.0454045928895384,1.0474285129391445,0.00961648849599233,0.0004924556487906351,-0.004923116576692088,-0.021880722047890933,0.5,0.047619047619047616,0.057971014492753624,-0.01365125116610029,0.39350611334082686,1.4931931436638448,52.577490987757784,66.69161744575732,61.37249205907023,5.1549819966883215,33.38323491732615,22.74498414194133,0.6391437398519672,0.38348263654670134,0.16788254661303786,43.73624037054301,62.29033932506721,81.73791459342932,0.6428571428571429,0.7619047619047619,0.927536231884058
2017-03-15,0.002404021646909227,72.80553436279297,0.0024011366097392395,0.006584041007777319,0.04061257951726094,0.13036240827204315,72.67457362583706,72.41586739676339,69.27712404555169,72.4265298180455,72.00679804263784,68.4963158096811,0.006584041007777319,0.04061257951726094,0.13036240827204315,0.8464035525265814,0.9800215727072634,0.9800215727072634,0.9800215727072634,0.011146410735629698,0.010036777992640623,0.010426616678749322,1.105500134902762,1.033311181337838,1.0531238194741912,0.015480276314963843,0.0011347760354558645,-0.0288099633024953,-0.0011211068984789962,0.5,0.047619047619047616,0.057971014492753624,0.18689235221534914,0.5408805020736083,1.5374189586228502,53.378481499464705,64.22920716774536,61.82158042944865,6.756963020040026,28.458414362223905,23.643160882853646,0.5718669986286681,0.46286906678103346,0.17317611199236754,48.747452214116976,61.669620052525296,81.47063988240562,0.7142857142857143,0.8095238095238095,0.9420289855072463
2017-03-16,-0.0009812667541814202,72.73409271240234,-0.0009817485115836504,0.014501987096906088,0.023224485940783746,0.10673858402655867,72.74883869716099,72.4944803147089,69.3787876073865,72.46753820395975,72.07291573988915,68.61739514976676,0.014501987096906088,0.023224485940783746,0.10673858402655867,0.8006392229611521,0.9790599101195852,0.9790599101195852,0.9790599101195852,0.010836236601638623,0.009518824391535941,0.010183024326944217,1.0964308390360813,1.0200829991151046,1.0480544314531128,0.013531185857994371,-0.02782726577620165,-0.051605565200751324,-0.02336254983858521,0.2857142857142857,0.047619047619047616,0.028985507246376812,-0.022988826242651243,0.36591742820327483,1.4649005573251177,58.0170958147036,59.23636098371995,60.2331957866903,16.03419165421229,18.47272199507231,20.466391597572578,0.6182984813688559,0.5816059626516462,0.1889968429440154,46.69707260635561,49.45988834411276,80.50583384728348,0.6428571428571429,0.7619047619047619,0.927536231884058
2017-03-17,-0.010475797571968815,71.9721450805664,-0.010531054988481373,0.002764382180354019,0.0009932968116457275,0.08951764917712168,72.76301084245954,72.49788120814732,69.46448937015256,72.4014857875073,72.06375477085982,68.7132451477957,0.002764382180354019,0.0009932968116457275,0.08951764917712168,0.6948777380217166,0.9688034766903424,0.9688034766903424,0.9688034766903424,0.011267824452393651,0.009530462980447444,0.01027441327362775,1.134981253221167,1.0151694591698626,1.0482568311209604,0.015328621360482854,0.039828204811416246,0.0012226918401658793,0.008974636979086625,0.5,0.09523809523809523,0.043478260869565216,-1.2754335231476335,-0.806632220975604,1.1022703625585042,51.38420495832477,50.402076128701104,58.52147066778515,2.768409936685864,0.8041522812286236,17.042941358796746,0.979868456239155,0.8664759356286933,0.28349553342767086,24.829130335197156,24.829130335197156,71.5171291365821,0.14285714285714285,0.2857142857142857,0.782608695652174
2017-03-20,-0.007167834150789476,71.45626068115234,-0.007193646493684474,-0.006510565282161651,-0.005522870261604251,0.07681908022076023,72.72956303187779,72.47898428780692,69.53836778281392,72.27545577332664,72.00852803543187,68.79161702018216,-0.006510565282161651,-0.005522870261604251,0.07681908022076023,0.5629441696626571,0.9618592540447177,0.9618592540447177,0.9618592540447177,0.011422290482844544,0.009660978654356845,0.010316627173732981,1.1434847831906427,1.0193266458776284,1.0499457100291343,0.015328193625760368,0.013708593979566253,0.013694578550608183,0.004108643382448429,0.7142857142857143,0.14285714285714285,0.057971014492753624,-1.8762356247031355,-1.5114000921176245,0.8503808182392444,46.89147589828519,47.87777303409957,57.300416759505765,-6.21704818591535,-4.244453910247733,14.600833541618654,0.9999999999647076,0.9999999999647076,0.3466005173935406,5.727906311075479,10.023217443526061,63.9271128898776,0.07142857142857142,0.047619047619047616,0.6811594202898551
2017-03-21,-0.029323776694535453,69.36089324951172,-0.029762312943814172,-0.06634609193120522,-0.031475418149168544,0.03234841305151104,72.37750353131976,72.37164560953777,69.56986645684727,71.88684743681797,71.76783396398459,68.80788205530683,-0.06634609193120522,-0.031475418149168544,0.03234841305151104,0.28601027774435295,0.9417026669960256,0.933653908067538,0.933653908067538,0.009395529873603028,0.0115584367903339,0.010853368054185226,1.1559577299244574,1.1228856454509302,1.0732801642263305,0.04096580679772365,-0.17743907076129461,0.19640433996004658,0.05202677885063389,0.07142857142857142,0.8095238095238095,0.2608695652173913,-2.997545028644137,-3.183192846164803,-0.09341163296360232,16.06511393052837,39.94308646227648,53.0036314704267,-67.86977213181466,-20.113827060297954,6.00726296105395,0.9999999999767111,0.9999999999797112,0.602914002210044,4.810503732547146,4.768812282960497,39.81732287762646,0.07142857142857142,0.047619047619047616,0.6376811594202898
2017-03-22,0.0016019762253265402,69.47200775146484,0.0016006944301676035,-0.05003285719010153,-0.03823766374337445,0.029527720191319773,72.11614990234375,72.24011884416852,69.59874349400617,71.56486881210422,71.55912249011915,68.82685707519816,-0.05003285719010153,-0.03823766374337445,0.029527720191319773,0.0746437383317442,0.9432112522798798,0.9351495994309453,0.9351495994309453,0.00899814940821339,0.011350968463051022,0.010844163870321779,1.1655953023831447,1.1659726022582748,1.0814181786883168,0.02353476050862272,-0.04229463061004013,-0.017949514371734088,-0.0008480486257810282,0.07142857142857142,0.7619047619047619,0.2463768115942029,-2.1273221679968195,-2.431655342868495,-0.05702255392173913,20.561363787980355,37.09175599368078,52.767475971848555,-58.877272413827825,-25.816487997836166,5.534951963909936,0.9741225677492141,0.9774562250588025,0.5893220446472807,21.40843468102837,19.0714790631494,41.09583244542487,0.14285714285714285,0.09523809523809523,0.6376811594202898
2017-03-23,-0.0015994140021206027,69.36089324951172,-0.0016006944301675177,-0.058297333002695906,-0.04030311203396153,0.037100417097923444,71.80944442749023,72.10141136532738,69.6347038158472,71.27100540375855,71.35928346824575,68.84211525160798,-0.058297333002695906,-0.04030311203396153,0.037100417097923444,-0.10067130254142853,0.9507179688379123,0.933653908067538,0.933653908067538,0.008480179574884105,0.011338470013770419,0.010786898784421345,1.1905401073098045,1.1860038724998376,1.0804779091201455,0.016134611190698263,-0.057564040096565794,-0.0011010910056958867,-0.005280728563790471,0.07142857142857142,0.7142857142857143,0.18840579710144928,-1.8024244796781064,-2.1080201712635196,-0.12458115806349886,12.995572407737043,36.477317798622614,53.493747373785425,-74.00885517697857,-27.045364388278866,6.987494768340049,0.9999999999721869,0.9999999999797112,0.602914002210044,20.17533831558202,17.314932920133742,39.81732287762646,0.10714285714285714,0.07142857142857142,0.6159420289855072
2017-03-24,-0.0011440644547940915,69.28153991699219,-0.0011447193961101599,-0.05036971379546751,-0.042137482716879116,0.03554734495361589,71.54695946829659,71.95627920968192,69.66917098777881,71.00574333885638,71.17039769085906,68.85467024204821,-0.05036971379546751,-0.042137482716879116,0.03554734495361589,-0.24320932060554412,0.9515971625407523,0.9325857478182384,0.9325857478182384,0.008376386703533722,0.011323665789842435,0.010788878957702929,1.1689977136941343,1.204901348661061,1.0744985337585578,0.015122003448020341,-0.012239466208685879,-0.0013056632782028066,0.00018357206470165366,0.07142857142857142,0.6666666666666666,0.2028985507246377,-1.5408374870267458,-1.8622310889997142,-0.17839417054938564,14.547911565683094,35.88215419453759,53.343436998276665,-70.90417685940618,-28.235691596701372,6.686874017232527,0.9999999999716231,0.9999999999800326,0.6126208101343986,18.713652604074824,16.060481091411834,38.904264788181855,0.07142857142857142,0.047619047619047616,0.5942028985507246
2017-03-27,-0.0005730728443420485,69.24183654785156,-0.0005732371133462447,-0.04561850634430464,-0.03420833135577839,0.03532025324527699,71.31055286952427,71.83949134463356,69.7034058501755,70.77055576672241,70.99507395058565,68.86573213650033,-0.04561850634430464,-0.03420833135577839,0.03532025324527699,-0.3552800101244742,0.9510518280481473,0.9320513082511434,0.9320513082511434,0.008395245848880331,0.011218688452573098,0.01078918542505881,1.2421309809333576,1.2340044535785264,1.0724623455864981,0.024873890670317943,0.0022514654604774975,-0.009270614235498131,2.840585727992284e-05,0.14285714285714285,0.6190476190476191,0.21739130434782608,-1.3263825015261146,-1.6720334173920106,-0.21500884620992616,15.6503974869796,37.97633117607009,53.31940610972926,-68.69920501551887,-24.047337631984924,6.638812240119204,0.9999999999719392,0.9999999999801897,0.6174774804967043,26.377771495424955,22.971374747220132,38.44742849383807,0.07142857142857142,0.047619047619047616,0.5797101449275363
2017-03-28,0.015589269151156548,70.3212661743164,0.015469004773617682,-0.028615592506981757,-0.02023677423407877,0.035933277399610164,71.1625840323312,71.77032616024925,69.73875692616339,70.71065048773495,70.93381869819754,68.90731882329723,-0.028615592506981757,-0.02023677423407877,0.035933277399610164,-0.35292756008513493,0.9658780309722893,0.946581306958158,0.946581306958158,0.009802298541955792,0.01182207525694095,0.010801239793977733,1.2585713688241924,1.2842712147945137,1.075794968356129,0.023024755318994252,0.16760113025911183,0.05378407707092192,0.001117264042095778,0.42857142857142855,0.8095238095238095,0.2753623188405797,-0.5437294749295539,-0.9121609478274855,0.2726630565005752,31.949950932320178,43.51512607317473,53.42023069375265,-36.10009811914084,-12.969747837214944,6.840461408159827,0.6971040524230582,0.7861622007077833,0.48543745496440305,44.459147378642605,38.51432717704271,50.86759940710516,0.42857142857142855,0.2857142857142857,0.6521739130434783
2017-03-29,-0.003724796029661692,70.05933380126953,-0.0037317503567305095,-0.03603827454655739,-0.02593268565352591,0.04495394281963616,70.97549765450614,71.68150729224796,69.7824374212735,70.62380826287291,70.85432007120409,68.94023353695523,-0.03603827454655739,-0.02593268565352591,0.04495394281963616,-0.3679573961083662,0.9622803323173862,0.9430554846642483,0.9430554846642483,0.009656030833172253,0.011816321015410627,0.010699394700850195,1.2443982545184542,1.2657514818722244,1.0682916862494805,0.008383345325827594,-0.014921776576941048,-0.00048673700727330793,-0.00942901880433411,0.42857142857142855,0.7619047619047619,0.17391304347826086,-0.6076348784595078,-0.9945143799227502,0.1311587580616461,27.083208163986782,41.7542425225809,54.29533535156206,-45.83358365795434,-16.491514939186864,8.590670724456245,0.7706042161971384,0.8380516808899978,0.5174780404522352,40.10536040154698,34.742703428460416,47.85374397716456,0.42857142857142855,0.2857142857142857,0.6376811594202898
2017-03-30,0.008609994079158856,70.66254425048828,0.008573139474333007,-0.02464976136152297,-0.04882481319519383,0.04790570039966213,70.84793799264091,71.50878433954148,69.82925459267436,70.62897306122163,70.83688590568447,68.98944241448716,-0.02464976136152297,-0.04882481319519383,0.04790570039966213,-0.3274203099084616,0.9705655602811301,0.9593749915825649,0.9511751868035259,0.010103091553131764,0.009218757736450311,0.0107246490393508,1.237027937024694,1.1894059047233976,1.0694060124392868,0.01505106544155473,0.04629860112124762,-0.21982842845693018,0.002360352076608452,0.5714285714285714,0.047619047619047616,0.2028985507246377,-0.1280418927746632,-0.5530856375461213,0.39793834980593706,35.33231985812692,31.00563970673622,54.57555517170817,-29.33536026701327,-37.98872057249091,9.151110364725618,0.6013388967099581,0.678058200713527,0.4436909948093957,50.13180259999416,43.72818803879021,54.79442514088423,0.5714285714285714,0.38095238095238093,0.6521739130434783
2017-03-31,-0.013366183391904984,69.71805572509766,-0.013456314864679563,-0.038528876587522576,-0.046668372729794516,0.02075596005125857,70.64838082449776,71.3462651570638,69.84980010986328,70.50751741640511,70.73517407108567,69.01025993764844,-0.038528876587522576,-0.046668372729794516,0.02075596005125857,-0.367273012946427,0.9575928030085454,0.9465518095034651,0.9384616048188804,0.010528230031131222,0.009069939914509573,0.010753040924063848,1.2614050534383239,1.1663505240498413,1.071431628239297,0.011270467953572375,0.042080038151062205,-0.01614293662933819,0.002647348608693312,0.6428571428571429,0.047619047619047616,0.21739130434782608,-0.6681407795705763,-1.0639311955539001,-0.06316450827344608,29.954554256805437,31.717448799301067,52.00363604372497,-40.09089147377813,-36.56510238673392,4.00727210772456,0.8663693719102386,0.8920855722016612,0.5592245006072426,34.43270518019543,33.121857622508216,43.926918243385494,0.42857142857142855,0.2857142857142857,0.5942028985507246
2017-04-03,-0.003642885790622441,69.46408081054688,-0.0036495372576674442,-0.043601910570100655,-0.05689637063218256,0.014458445881691206,70.4221774509975,71.14670853387742,69.86414834727411,70.368392535624,70.61962013830941,69.02322624830327,-0.043601910570100655,-0.05689637063218256,0.014458445881691206,-0.4145713003853899,0.9541044017932633,0.9521323431898079,0.935042896373641,0.010453089633187624,0.008813085681392654,0.01076031555084521,1.3005225232589959,1.1890274424301832,1.0805682303812651,0.017938754056686,-0.007137039912826104,-0.028319287176976626,0.0006765180968559825,0.6428571428571429,0.047619047619047616,0.2318840579710145,-0.7371626683156723,-1.1316293992673072,-0.1923838946252014,27.709463960539637,26.882615555021033,51.396095677395024,-44.58107206737094,-46.234768876991104,2.7921913747856935,0.9376366138965881,0.9401683419825517,0.5902916988568186,30.211185470288157,30.05246276357445,41.00462320064716,0.35714285714285715,0.23809523809523808,0.5652173913043478
2017-04-04,0.0033325293614485663,69.69557189941406,0.0033269887914718,-0.04271601727255836,-0.044694647819217725,0.016199318450363487,70.20003727504185,70.99143436976841,69.88025012914686,70.27868311746268,70.5356157529553,69.04243612405016,-0.04271601727255836,-0.044694647819217725,0.016199318450363487,-0.428437378322414,0.9582242563319142,0.9572839827261268,0.9381589542800202,0.010493756077222444,0.008767024947531931,0.010765471725926198,1.2741860418930355,1.1608879116655604,1.0805767327851317,0.01088073502239275,0.00389037552167415,-0.005226402593358714,0.00047918437490279686,0.7142857142857143,0.047619047619047616,0.2463768115942029,-0.45306728614332337,-0.8885090309133554,-0.08905447944021108,28.283761388557593,31.035458946079828,51.56138891677367,-43.43247721121825,-37.92908209223699,3.122777853538208,0.8700738633507795,0.8726784999144973,0.5619748095153354,34.05898357290483,33.88004540889515,43.668214062095885,0.5,0.3333333333333333,0.5797101449275363
2017-04-05,-0.01282772082917627,68.8015365600586,-0.012910706481730412,-0.05406757691875608,-0.05168729626896296,0.0013197766972472547,69.9191404070173,70.81286330450149,69.88156437528306,70.08173024314215,70.3779721899647,69.0355532793644,-0.05406757691875608,-0.05168729626896296,0.0013197766972472547,-0.50573769576215,0.9559467274866659,0.9450042110414739,0.9261245131211241,0.010786623205481542,0.009048008033902396,0.010878632991116296,1.3413015534331396,1.2192377953565259,1.0998781964263449,0.027961522146889774,0.02790870362374731,0.03204999279140486,0.010511500849291533,0.8571428571428571,0.14285714285714285,0.42028985507246375,-1.2408047972539218,-1.3524335964094922,-0.5209865703577066,25.36933006931183,29.36439762904827,50.124750405689134,-49.26133985186115,-41.271204727875876,0.24950083040927912,0.9999999999684603,0.999999999975025,0.6713366855849102,21.369265183674287,19.097644211656483,33.38123337798982,0.07142857142857142,0.047619047619047616,0.3188405797101449
2017-04-06,0.003364510024722822,69.03302001953125,0.0033588627242571354,-0.0408369801642714,-0.046410810025806604,0.003766218869344584,69.70920290265765,70.65287235804966,69.88531825853431,69.94190221332735,70.25570381083439,69.03548090051201,-0.0408369801642714,-0.046410810025806604,0.003766218869344584,-0.5420713129918937,0.9660877767935474,0.9481836871829283,0.9292404683296617,0.010772603005374587,0.009137794758977915,0.010885396502408738,1.357149483580051,1.2161968556224267,1.1143923716636819,0.01919523124040072,-0.0012997765695412777,0.009923369291792383,0.0006217243745574308,0.8571428571428571,0.23809523809523808,0.43478260869565216,-0.9562712771270733,-1.0875566774106558,-0.4114913567670271,30.281166016884697,31.658432514821854,50.354682086675616,-39.43766795432455,-36.68313495543831,0.7093641923801336,0.9128031957352446,0.9421869164341717,0.6430207295006064,29.40900134790676,23.046180104859317,36.044736453832414,0.14285714285714285,0.09523809523809523,0.42028985507246375
2017-04-07,-0.003468940450223945,68.79354858398438,-0.0034749711750034985,-0.03726352417249146,-0.05345449071510944,0.00756930615568896,69.51900918143136,70.4678726196289,69.89280822311622,69.78878839608163,70.12278060839348,69.02856854861093,-0.03726352417249146,-0.05345449071510944,0.00756930615568896,-0.5834635058167521,0.9735504051485049,0.944894494436217,0.9260169884810878,0.010705541850655786,0.009030211150265754,0.010857463660362469,1.3416339850183263,1.2205931999460577,1.1152210405285399,0.012763964611560133,-0.006225157901515788,-0.01177347615588098,-0.0025660840227628157,0.8571428571428571,0.14285714285714285,0.42028985507246375,-1.345412733966875,-1.1418296535491463,-0.5320024067730904,31.447541177902664,28.68377163973446,50.71271394710174,-37.10491763140742,-42.632456706843115,1.4254279135019974,0.9999999999464954,0.9999999999750747,0.6723138058518845,26.713174946294945,19.065734292291523,33.28932184836301,0.07142857142857142,0.047619047619047616,0.2898550724637681
2017-04-10,-0.003480794081518801,68.55409240722656,-0.0034868661397220234,-0.011631926932988756,-0.0537525771502263,0.011193492366017077,69.46138054983956,70.28243037632534,69.90380627176036,69.62416226423429,69.98017259010558,69.01501208742799,-0.011631926932988756,-0.0537525771502263,0.011193492366017077,-0.6283460469927746,0.9701616766602037,0.9416055112723236,0.922793714028197,0.007502182598416719,0.009031502400186518,0.01083101896235598,1.2122285604254088,1.2140702468596427,1.1114985690177837,0.015020970619257031,-0.2992243920883686,0.00014299221793123706,-0.00243562390201979,0.07142857142857142,0.19047619047619047,0.36231884057971014,-1.51876672667278,-1.192357991895344,-0.6561763171552404,42.417654580520356,28.65455159145165,51.05356256674717,-15.164690816350248,-42.6908968034355,2.1071251530512662,0.9999999999525718,0.9999999999764786,0.7016050156888034,27.032778053766435,15.085542108232241,30.534082814105886,0.07142857142857142,0.047619047619047616,0.2608695652173913
2017-04-11,-0.0017469213252162552,68.43433380126953,-0.0017484489716525007,-0.014936576382067135,-0.056232490772046395,0.004747609085291149,69.38726098196847,70.08826264880952,69.90849271027938,69.46551846917231,69.83964179112048,68.99842127925139,-0.014936576382067135,-0.056232490772046395,0.004747609085291149,-0.6659031854606781,0.9684668805383384,0.9399606005247408,0.9211816660103856,0.007472718381333365,0.008999272367441736,0.010819862251205395,1.1570234300975213,1.2229986665628187,1.1152993163614262,0.011547857517819933,-0.003927419347214078,-0.0035686236150606065,-0.0010300703183477866,0.07142857142857142,0.14285714285714285,0.36231884057971014,-1.4496916274878708,-1.1742825509259844,-0.7179958792095157,40.26371926154534,27.78724928147801,50.451395713012666,-19.472561455387876,-44.42550142384452,0.9027914454606457,0.9999999999551209,0.999999999977123,0.7162543536359811,23.465684598205602,13.094938759185577,29.15611215455277,0.07142857142857142,0.047619047619047616,0.2318840579710145
2017-04-12,-0.003849461946024535,68.1708984375,-0.0038568901939611514,-0.0171565669970678,-0.061406754979395184,-0.009905931436567261,69.30226135253906,69.8758802868071,69.8986078898112,69.29290246494934,69.68793784988226,68.97477776948618,-0.0171565669970678,-0.061406754979395184,-0.009905931436567261,-0.7087544405101909,0.9647388041357209,0.9363422579622585,0.9176356122417031,0.007509584557103564,0.008946014337137995,0.010749447364051245,1.1295435182738538,1.2247099901315863,1.1055803615384256,0.010772812090233638,0.004933435717621837,-0.005918037384491481,-0.006507928245233052,0.21428571428571427,0.14285714285714285,0.21739130434782608,-1.542362375088106,-1.2718957192865554,-0.8387162553936993,39.14480780142517,26.07973353368729,49.03500567257786,-21.71038437675703,-47.84053292036298,-1.9299886356908873,0.9999999999598659,0.9999999999784234,0.7484787907881819,15.619078882013971,8.716169374001641,26.12496296020292,0.07142857142857142,0.047619047619047616,0.14492753623188406
