,avg_mean_abs_rolling_corr
price_TSLA,0.19727281578546205
ema8_TSLA,0.19545053388641445
ema12_TSLA,0.19430635029168344
ema24_TSLA,0.1901305064239439
ema30_TSLA,0.18826872921809637
sma8_TSLA,0.18163556511653892
sma12_TSLA,0.17982222419875807
sma24_TSLA,0.1674985153600926
sma30_TSLA,0.16517620539754582
vol30_TSLA,0.14410202454740292
vol24_TSLA,0.1416413101072798
macd_TSLA,0.14136230495330604
SHY,0.13687089508793845
month,0.1328191961289552
HG=F,0.13110029514849655
AUDUSD=X,0.13037152942151675
UUP,0.1298800599738484
SI=F,0.1292445731701581
^FVX,0.12050737129320478
TIP,0.11655835880852915
IEF,0.11331692651668852
^GSPC,0.1122828559126175
vol12_TSLA,0.10919759846087403
TLT,0.1085765436043531
^N225,0.1082833850871111
BRL=X,0.10802669161651184
day_of_week,0.10673697228026845
vol8_TSLA,0.10549715929269521
HYG,0.10529323282875097
volume_zscore8_TSLA,0.10503268599032996
^VIX,0.10490571859840085
^IRX,0.10225512247143446
ZC=F,0.1010167569275449
volume_zscore30_TSLA,0.10047101438364243
log_ret_norm5_TSLA,0.09886703578406907
NG=F,0.09840180984316495
volume_zscore24_TSLA,0.09666546033106742
volume_zscore12_TSLA,0.09433703379984991
CL=F,0.08941207188151497
log_ret_TSLA,0.08769600630699688
ret_TSLA,0.0876320842419131
